,0,1,2,3,4,5,6,7,8,9
0,0.0,0.9549902081489563,0.0,0.0,0.0,0.0,0.0,0.0,0.0,0.0
1,0.0,0.0,0.0,0.0,0.0,0.0,0.0,0.9571364521980286,0.0,0.0
2,0.0,0.0,0.0,0.0,0.0,0.0,0.0,0.0,0.0,0.9399861693382263
3,0.0,0.9549887776374817,0.0,0.0,0.0,0.0,0.0,0.0,0.0,0.0
4,0.0,0.0,0.0,0.0,0.9590831995010376,0.0,0.0,0.0,0.0,0.0
5,0.9639924764633179,0.0,0.0,0.0,0.0,0.0,0.0,0.0,0.0,0.0
6,0.0,0.0,0.9549895524978638,0.0,0.0,0.0,0.0,0.0,0.0,0.0
7,0.0,0.0,0.0,0.0,0.0,0.0,0.0,0.9249811172485352,0.0,0.0
8,0.943737804889679,0.0,0.0,0.0,0.0,0.0,0.0,0.0,0.0,0.0
9,0.0,0.0,0.0,0.9437333941459656,0.0,0.0,0.0,0.0,0.0,0.0
10,0.0,0.0,0.0,0.959080696105957,0.0,0.0,0.0,0.0,0.0,0.0
11,0.0,0.0,0.0,0.0,0.0,0.0,0.0,0.9526191353797913,0.0,0.0
12,0.0,0.0,0.9571316838264465,0.0,0.0,0.0,0.0,0.0,0.0,0.0
13,0.0,0.0,0.0,0.9608584046363831,0.0,0.0,0.0,0.0,0.0,0.0
14,0.29167860746383667,0.0,0.0,0.6766353845596313,0.0,0.0,0.0,0.0,0.0,0.0
15,0.9526234865188599,0.0,0.0,0.0,0.0,0.0,0.0,0.0,0.0,0.0
16,0.0,0.0,0.0,0.0,0.0,0.9699946045875549,0.0,0.0,0.0,0.0
17,0.9590818881988525,0.0,0.0,0.0,0.0,0.0,0.0,0.0,0.0,0.0
18,0.38018327951431274,0.0,0.5419389605522156,0.0,0.0,0.0,0.0,0.0,0.0,0.04743514209985733
19,0.0,0.0,0.0,0.0,0.0,0.0,0.9699917435646057,0.0,0.0,0.0
20,0.0,0.0,0.0,0.0,0.0,0.0,0.9624898433685303,0.0,0.0,0.0
21,0.0,0.0,0.0,0.0,0.0,0.0,0.0,0.9590820074081421,0.0,0.0
22,0.0,0.0,0.9526201486587524,0.0,0.0,0.0,0.0,0.0,0.0,0.0
23,0.0,0.0,0.0,0.9590795040130615,0.0,0.0,0.0,0.0,0.0,0.0
24,0.0,0.0,0.7184215188026428,0.0,0.0,0.0,0.0,0.0,0.24347332119941711,0.0
25,0.0,0.9624905586242676,0.0,0.0,0.0,0.0,0.0,0.0,0.0,0.0
26,0.4234297275543213,0.0,0.0,0.0,0.0,0.5432277321815491,0.0,0.0,0.0,0.0
27,0.0,0.0,0.07990296185016632,0.0,0.0,0.0,0.0,0.0,0.886755645275116,0.0
28,0.0,0.0,0.0,0.0,0.0,0.0,0.0,0.0,0.9571326971054077,0.0
29,0.0,0.0,0.0,0.0,0.0,0.0,0.963991641998291,0.0,0.0,0.0
30,0.0,0.0,0.0,0.0,0.0,0.4755878150463104,0.0,0.46725431084632874,0.0,0.0
31,0.0,0.0,0.9526191353797913,0.0,0.0,0.0,0.0,0.0,0.0,0.0
32,0.0,0.0,0.0,0.0,0.0,0.0,0.0,0.0,0.9526216387748718,0.0
33,0.0,0.0,0.0,0.0,0.0,0.0,0.0,0.0,0.0,0.9307606220245361
34,0.0,0.0,0.0,0.0,0.0,0.0,0.9590799808502197,0.0,0.0,0.0
35,0.0,0.9470475316047668,0.0,0.0,0.0,0.0,0.0,0.0,0.0,0.0
36,0.4259297847747803,0.0,0.29223066568374634,0.0,0.0,0.0,0.0,0.0,0.0,0.2592529356479645
37,0.0,0.0,0.0,0.0,0.0,0.0,0.0,0.0,0.0,0.9549897909164429
38,0.0,0.0,0.9356992840766907,0.0,0.0,0.0,0.0,0.0,0.0,0.0
39,0.0,0.0,0.06596221774816513,0.0,0.0,0.0,0.8919214010238647,0.0,0.0,0.0
40,0.0,0.0,0.0,0.0,0.947046160697937,0.0,0.0,0.0,0.0,0.0
41,0.9526210427284241,0.0,0.0,0.0,0.0,0.0,0.0,0.0,0.0,0.0
42,0.0,0.0,0.0,0.0,0.0,0.0,0.0,0.9181649684906006,0.0,0.0
43,0.0,0.0,0.0,0.0,0.0,0.0,0.0,0.0,0.0,0.9624904990196228
44,0.9437375068664551,0.0,0.0,0.0,0.0,0.0,0.0,0.0,0.0,0.0
45,0.0,0.0,0.0,0.0,0.0,0.0,0.0,0.0,0.9608626365661621,0.0
46,0.0,0.0,0.31149566173553467,0.0,0.0,0.0,0.6384939551353455,0.0,0.0,0.0
47,0.0,0.0,0.9249805808067322,0.0,0.0,0.0,0.0,0.0,0.0,0.0
48,0.0,0.14055849611759186,0.0,0.0,0.0,0.0,0.8318499326705933,0.0,0.0,0.0
49,0.0,0.0,0.0,0.9518241882324219,0.0,0.0,0.0,0.0,0.0,0.0
50,0.0,0.9571316838264465,0.0,0.0,0.0,0.0,0.0,0.0,0.0,0.0
51,0.0,0.0,0.0,0.963991641998291,0.0,0.0,0.0,0.0,0.0,0.0
52,0.0,0.0,0.0,0.5651355385780334,0.0,0.0,0.39485427737236023,0.0,0.0,0.0
53,0.0,0.0,0.0,0.0,0.0,0.0,0.0,0.9470475316047668,0.0,0.0
54,0.0,0.768926739692688,0.0,0.0,0.0,0.18400217592716217,0.0,0.0,0.0,0.0
55,0.9437369704246521,0.0,0.0,0.0,0.0,0.0,0.0,0.0,0.0,0.0
56,0.0,0.5238229632377625,0.0,0.0,0.0,0.0,0.42616546154022217,0.0,0.0,0.0
57,0.0,0.0,0.0,0.0,0.0,0.9549897909164429,0.0,0.0,0.0,0.0
58,0.4051721692085266,0.0,0.0,0.0,0.0,0.0,0.0,0.0,0.0,0.5548179745674133
59,0.0,0.0,0.0,0.9526206851005554,0.0,0.0,0.0,0.0,0.0,0.0
60,0.0,0.0,0.0,0.0,0.0,0.9399861097335815,0.0,0.0,0.0,0.0
61,0.0,0.0,0.0,0.9526188373565674,0.0,0.0,0.0,0.0,0.0,0.0
62,0.9526209831237793,0.0,0.0,0.0,0.0,0.0,0.0,0.0,0.0,0.0
63,0.0,0.0,0.0,0.0,0.0,0.4443082809448242,0.513576328754425,0.0,0.0,0.0
64,0.9499916434288025,0.0,0.0,0.0,0.0,0.0,0.0,0.0,0.0,0.0
65,0.0,0.0,0.0,0.0,0.0,0.0,0.0,0.0,0.0,0.9526167511940002
66,0.0,0.0,0.0,0.0,0.0,0.0,0.0,0.947044849395752,0.0,0.0
67,0.0,0.0,0.0,0.0,0.0,0.0,0.4190734326839447,0.0,0.0,0.5428223013877869
68,0.0,0.0,0.0,0.9653775691986084,0.0,0.0,0.0,0.0,0.0,0.0
69,0.0,0.0,0.0,0.0,0.0,0.0,0.0,0.9470507502555847,0.0,0.0
70,0.0,0.36851853132247925,0.0,0.0,0.5781348347663879,0.0,0.0,0.0,0.0,0.0
71,0.0,0.9437317252159119,0.0,0.0,0.0,0.0,0.0,0.0,0.0,0.0
72,0.9639911651611328,0.0,0.0,0.0,0.0,0.0,0.0,0.0,0.0,0.0
73,0.0,0.0,0.0,0.43787574768066406,0.0,0.5287817120552063,0.0,0.0,0.0,0.0
74,0.0,0.0,0.0,0.0,0.0,0.0,0.0,0.0,0.0,0.9356981515884399
75,0.6927289366722107,0.0,0.0,0.2651546597480774,0.0,0.0,0.0,0.0,0.0,0.0
76,0.0,0.0,0.0,0.0,0.952620267868042,0.0,0.0,0.0,0.0,0.0
77,0.0,0.0,0.0,0.0,0.9549868702888489,0.0,0.0,0.0,0.0,0.0
78,0.0,0.0,0.0,0.0,0.0,0.0,0.9571349620819092,0.0,0.0,0.0
79,0.0,0.0,0.0,0.0,0.0,0.9399870038032532,0.0,0.0,0.0,0.0
80,0.0,0.0,0.0,0.8332124352455139,0.0,0.0,0.0,0.0,0.13199661672115326,0.0
81,0.0,0.0,0.0,0.21857133507728577,0.0,0.0,0.0,0.0,0.7528514862060547,0.0
82,0.0,0.0,0.0,0.2068839967250824,0.7510010600090027,0.0,0.0,0.0,0.0,0.0
83,0.0,0.0,0.0,0.0,0.0,0.0,0.0,0.9499893188476562,0.0,0.0
84,0.0,0.0,0.0,0.0,0.0,0.0,0.0,0.0,0.0,0.9499878287315369
85,0.0,0.0,0.0,0.0,0.35720008611679077,0.0,0.0,0.0,0.0,0.6027891635894775
86,0.0,0.0,0.9356968998908997,0.0,0.0,0.0,0.0,0.0,0.0,0.0
87,0.0,0.0,0.0,0.9399861097335815,0.0,0.0,0.0,0.0,0.0,0.0
88,0.0,0.0,0.0,0.9653758406639099,0.0,0.0,0.0,0.0,0.0,0.0
89,0.0,0.0,0.0,0.0,0.0,0.0,0.0,0.0,0.9666605591773987,0.0
90,0.0,0.0,0.8209588527679443,0.0,0.0,0.0,0.0,0.0,0.0,0.1470324844121933
91,0.0,0.0,0.0,0.0,0.0,0.0,0.9571316242218018,0.0,0.0,0.0
92,0.9590789079666138,0.0,0.0,0.0,0.0,0.0,0.0,0.0,0.0,0.0
93,0.0,0.0,0.0,0.0,0.0,0.9524005055427551,0.0,0.0,0.0,0.0
94,0.0,0.0,0.9549903869628906,0.0,0.0,0.0,0.0,0.0,0.0,0.0
95,0.0,0.0,0.0,0.0,0.0,0.9470481872558594,0.0,0.0,0.0,0.0
96,0.0,0.0,0.0,0.0,0.0,0.9549909830093384,0.0,0.0,0.0,0.0
97,0.0,0.0,0.0,0.0,0.0,0.9678502678871155,0.0,0.0,0.0,0.0
98,0.0,0.0,0.0,0.0,0.0,0.0,0.9763105511665344,0.0,0.0,0.0
99,0.0,0.0,0.9571322798728943,0.0,0.0,0.0,0.0,0.0,0.0,0.0
100,0.0,0.9639924764633179,0.0,0.0,0.0,0.0,0.0,0.0,0.0,0.0
101,0.0,0.0,0.0,0.0,0.0,0.9653751254081726,0.0,0.0,0.0,0.0
102,0.0,0.0,0.0,0.0,0.0,0.0,0.0,0.0,0.0,0.9608604311943054
103,0.9653778672218323,0.0,0.0,0.0,0.0,0.0,0.0,0.0,0.0,0.0
104,0.0,0.0,0.0,0.9549866914749146,0.0,0.0,0.0,0.0,0.0,0.0
105,0.9666593670845032,0.0,0.0,0.0,0.0,0.0,0.0,0.0,0.0,0.0
106,0.0,0.0,0.0,0.0,0.0,0.0,0.0,0.0,0.9709598422050476,0.0
107,0.374046266078949,0.0,0.0,0.0,0.0,0.5926128029823303,0.0,0.0,0.0,0.0
108,0.0,0.0,0.0,0.0,0.5919668674468994,0.0,0.3813600242137909,0.0,0.0,0.0
109,0.0,0.0,0.0,0.0,0.0,0.0,0.0,0.0,0.9699938893318176,0.0
110,0.0,0.0,0.0,0.9571356773376465,0.0,0.0,0.0,0.0,0.0,0.0
111,0.0,0.0,0.9437392354011536,0.0,0.0,0.0,0.0,0.0,0.0,0.0
112,0.01670841872692108,0.0,0.0,0.3043040335178375,0.0,0.0,0.0,0.3056800961494446,0.34930136799812317,0.0
113,0.3332216739654541,0.0,0.0,0.0,0.0,0.0,0.0,0.0,0.6334375143051147,0.0
114,0.0,0.0,0.0,0.0,0.0,0.0,0.0,0.0,0.0,0.9590801000595093
115,0.0,0.9666599035263062,0.0,0.0,0.0,0.0,0.0,0.0,0.0,0.0
116,0.9689594507217407,0.0,0.0,0.0,0.0,0.0,0.0,0.0,0.0,0.0
117,0.0,0.0,0.0,0.0,0.0,0.0,0.9689576625823975,0.0,0.0,0.0
118,0.0,0.0,0.0,0.4833028018474579,0.0,0.0,0.0,0.0,0.3514370918273926,0.13343480229377747
119,0.9785656929016113,0.0,0.0,0.0,0.0,0.0,0.0,0.0,0.0,0.0
120,0.0,0.0,0.0,0.0,0.0,0.0,0.9699940085411072,0.0,0.0,0.0
121,0.0,0.0,0.0,0.0,0.0,0.0,0.0,0.9742770791053772,0.0,0.0
122,0.0,0.0,0.0,0.0,0.0,0.0,0.0,0.9678484797477722,0.0,0.0
123,0.9571310877799988,0.0,0.0,0.0,0.0,0.0,0.0,0.0,0.0,0.0
124,0.0,0.0,0.0,0.9699930548667908,0.0,0.0,0.0,0.0,0.0,0.0
125,0.0,0.0,0.0,0.0,0.0,0.0,0.0,0.9624946117401123,0.0,0.0
126,0.0,0.0,0.0,0.9769179821014404,0.0,0.0,0.0,0.0,0.0,0.0
127,0.9756689071655273,0.0,0.0,0.0,0.0,0.0,0.0,0.0,0.0,0.0
128,0.34197449684143066,0.44520583748817444,0.0,0.0,0.19281478226184845,0.0,0.0,0.0,0.0,0.0
129,0.0,0.0,0.0,0.0,0.0,0.0,0.0,0.0,0.0,0.9653778076171875
130,0.0,0.1243300586938858,0.8489954471588135,0.0,0.0,0.0,0.0,0.0,0.0,0.0
131,0.37554872035980225,0.3545593023300171,0.2504426836967468,0.0,0.0,0.0,0.0,0.0,0.0,0.0
132,0.330783873796463,0.0,0.0,0.6247599124908447,0.0,0.0,0.0,0.0,0.0,0.0
133,0.0,0.9608585834503174,0.0,0.0,0.0,0.0,0.0,0.0,0.0,0.0
134,0.0,0.7063128352165222,0.0,0.0,0.0,0.0,0.261679083108902,0.0,0.0,0.0
135,0.0,0.6210585832595825,0.0,0.3075435161590576,0.0,0.0,0.04546492546796799,0.0,0.0,0.0
136,0.0,0.0,0.0,0.0,0.0,0.0,0.9653762578964233,0.0,0.0,0.0
137,0.0,0.0,0.11821219325065613,0.0,0.0,0.0,0.0,0.8454145193099976,0.0,0.0
138,0.9727209806442261,0.0,0.0,0.0,0.0,0.0,0.0,0.0,0.0,0.0
139,0.0,0.0,0.0,0.9763103127479553,0.0,0.0,0.0,0.0,0.0,0.0
140,0.0,0.0,0.0,0.9653769135475159,0.0,0.0,0.0,0.0,0.0,0.0
141,0.0,0.0,0.6867629289627075,0.0,0.0,0.0,0.28122904896736145,0.0,0.0,0.0
142,0.0,0.0,0.9653788805007935,0.0,0.0,0.0,0.0,0.0,0.0,0.0
143,0.0,0.27844423055648804,0.0,0.7037742733955383,0.0,0.0,0.0,0.0,0.0,0.0
144,0.0,0.9590814113616943,0.0,0.0,0.0,0.0,0.0,0.0,0.0,0.0
145,0.0,0.0,0.9639914631843567,0.0,0.0,0.0,0.0,0.0,0.0,0.0
146,0.0,0.0,0.0,0.0,0.9709617495536804,0.0,0.0,0.0,0.0,0.0
147,0.0,0.0,0.0,0.0,0.0,0.0,0.9678489565849304,0.0,0.0,0.0
148,0.496290922164917,0.0,0.0,0.0,0.0,0.0,0.47036781907081604,0.0,0.0,0.0
149,0.96666020154953,0.0,0.0,0.0,0.0,0.0,0.0,0.0,0.0,0.0
150,0.0,0.0,0.957132875919342,0.0,0.0,0.0,0.0,0.0,0.0,0.0
151,0.0,0.0,0.0,0.0,0.0,0.0,0.7531579732894897,0.22102929651737213,0.0,0.0
152,0.0,0.0,0.0,0.0,0.0,0.0,0.0,0.9727212190628052,0.0,0.0
153,0.0,0.0,0.0,0.0,0.0,0.9742782711982727,0.0,0.0,0.0,0.0
154,0.0,0.0,0.0,0.966657280921936,0.0,0.0,0.0,0.0,0.0,0.0
155,0.0,0.0,0.9742807745933533,0.0,0.0,0.0,0.0,0.0,0.0,0.0
156,0.0,0.0,0.0,0.0,0.9639914631843567,0.0,0.0,0.0,0.0,0.0
157,0.0,0.0,0.0,0.0,0.0,0.0,0.0,0.40236416459083557,0.0,0.5668606758117676
158,0.0,0.0,0.0,0.0,0.0,0.0,0.0,0.0,0.1791260689496994,0.7966254353523254
159,0.0,0.0,0.0,0.0,0.0,0.9286481142044067,0.04171546921133995,0.0,0.0,0.0
160,0.0,0.0,0.0,0.9624905586242676,0.0,0.0,0.0,0.0,0.0,0.0
161,0.0,0.0,0.0,0.0,0.0,0.0,0.9639936685562134,0.0,0.0,0.0
162,0.0,0.6648092865943909,0.0,0.0,0.0,0.31467291712760925,0.0,0.0,0.0,0.0
163,0.0,0.4648912250995636,0.0,0.5054717659950256,0.0,0.0,0.0,0.0,0.0,0.0
164,0.0,0.0,0.0,0.0,0.0,0.0,0.0,0.0,0.9718677401542664,0.0
165,0.0,0.0,0.0,0.0,0.0,0.9689576625823975,0.0,0.0,0.0,0.0
166,0.0,0.4502023756504059,0.0,0.5150066018104553,0.0,0.0,0.0,0.0,0.0,0.0
167,0.0,0.0,0.8317857384681702,0.0,0.0,0.0,0.0,0.0,0.0,0.14467933773994446
168,0.0,0.0,0.0,0.0,0.0,0.0,0.0,0.0,0.9639922976493835,0.0
169,0.0,0.0,0.0,0.0,0.0,0.0,0.0,0.9666622281074524,0.0,0.0
170,0.0,0.0,0.0,0.0,0.0,0.0,0.0,0.9571283459663391,0.0,0.0
171,0.0,0.0,0.0,0.0,0.9608626961708069,0.0,0.0,0.0,0.0,0.0
172,0.974277913570404,0.0,0.0,0.0,0.0,0.0,0.0,0.0,0.0,0.0
173,0.0,0.0,0.5384389162063599,0.4234566390514374,0.0,0.0,0.0,0.0,0.0,0.0
174,0.0,0.0,0.0,0.0,0.0,0.0,0.0,0.0,0.0,0.9639930725097656
175,0.0,0.25241634249687195,0.0,0.0,0.7127909064292908,0.0,0.0,0.0,0.0,0.0
176,0.0,0.0,0.0,0.0,0.0,0.0,0.9735233187675476,0.0,0.0,0.0
177,0.0,0.0,0.0,0.0,0.0,0.0,0.0,0.0,0.9653790593147278,0.0
178,0.0,0.0,0.0,0.0,0.0,0.0,0.0,0.0,0.0,0.9590825438499451
179,0.0,0.0,0.0,0.0,0.0,0.06513690203428268,0.0,0.0,0.0,0.9040867686271667
180,0.0,0.0,0.9470463991165161,0.0,0.0,0.0,0.0,0.0,0.0,0.0
181,0.0,0.0,0.0,0.0,0.0,0.0,0.0,0.9608601927757263,0.0,0.0
182,0.0,0.0,0.9549883604049683,0.0,0.0,0.0,0.0,0.0,0.0,0.0
183,0.0,0.9678491950035095,0.0,0.0,0.0,0.0,0.0,0.0,0.0,0.0
184,0.9549921751022339,0.0,0.0,0.0,0.0,0.0,0.0,0.0,0.0,0.0
185,0.14806780219078064,0.0,0.0,0.0,0.0,0.0,0.0,0.47572576999664307,0.0,0.3543253242969513
186,0.0,0.41862279176712036,0.0,0.0,0.0,0.5432723164558411,0.0,0.0,0.0,0.0
187,0.0,0.18715380132198334,0.0,0.0,0.0,0.0,0.0,0.0,0.0,0.7808379530906677
188,0.0,0.0,0.0,0.0,0.0,0.0,0.0,0.0,0.9718682169914246,0.0
189,0.0,0.0,0.0,0.9653749465942383,0.0,0.0,0.0,0.0,0.0,0.0
190,0.0,0.0,0.0,0.9608603715896606,0.0,0.0,0.0,0.0,0.0,0.0
191,0.0,0.0,0.0,0.0,0.0,0.7517269849777222,0.0,0.0,0.0,0.20615556836128235
192,0.0,0.0,0.0,0.0,0.0,0.0,0.6315580010414124,0.3364340662956238,0.0,0.0
193,0.0,0.0,0.0,0.959082841873169,0.0,0.0,0.0,0.0,0.0,0.0
194,0.0,0.0,0.0,0.0,0.0,0.0,0.9549905061721802,0.0,0.0,0.0
195,0.0,0.0,0.0,0.0,0.0,0.0,0.0,0.9624905586242676,0.0,0.0
196,0.952621340751648,0.0,0.0,0.0,0.0,0.0,0.0,0.0,0.0,0.0
197,0.0,0.0,0.0,0.0,0.0,0.0,0.0,0.0,0.9749938249588013,0.0
198,0.0,0.0,0.0,0.0,0.0,0.9549908638000488,0.0,0.0,0.0,0.0
199,0.0,0.0,0.34860315918922424,0.0,0.0,0.0,0.0,0.0,0.0,0.6193894743919373
200,0.0,0.0,0.0,0.0,0.0,0.0,0.9709618091583252,0.0,0.0,0.0
201,0.0,0.9666590690612793,0.0,0.0,0.0,0.0,0.0,0.0,0.0,0.0
202,0.0,0.0,0.4223495125770569,0.0,0.0,0.0,0.5509764552116394,0.0,0.0,0.0
203,0.0,0.0,0.0,0.9639930725097656,0.0,0.0,0.0,0.0,0.0,0.0
204,0.9678488969802856,0.0,0.0,0.0,0.0,0.0,0.0,0.0,0.0,0.0
205,0.0,0.0,0.0,0.0,0.0,0.0,0.9590818285942078,0.0,0.0,0.0
206,0.0,0.0,0.0,0.0,0.0,0.0,0.0,0.0,0.9357003569602966,0.0
207,0.0,0.0,0.0,0.9549892544746399,0.0,0.0,0.0,0.0,0.0,0.0
208,0.0,0.0,0.0,0.0,0.0,0.9780437350273132,0.0,0.0,0.0,0.0
209,0.0,0.0,0.0,0.0,0.0,0.0,0.9624912738800049,0.0,0.0,0.0
210,0.0,0.0,0.0,0.0,0.0,0.0,0.0,0.0,0.9678497910499573,0.0
211,0.3675292730331421,0.0,0.0,0.0,0.0,0.0,0.0,0.0,0.5960974097251892,0.0
212,0.0,0.0,0.5000203847885132,0.46663880348205566,0.0,0.0,0.0,0.0,0.0,0.0
213,0.0,0.0,0.3905230760574341,0.0,0.0,0.583665132522583,0.0,0.0,0.0,0.0
214,0.0,0.0,0.9678507447242737,0.0,0.0,0.0,0.0,0.0,0.0,0.0
215,0.0,0.0,0.9571321606636047,0.0,0.0,0.0,0.0,0.0,0.0,0.0
216,0.27580544352531433,0.6991879343986511,0.0,0.0,0.0,0.0,0.0,0.0,0.0,0.0
217,0.0,0.0,0.0,0.0,0.0,0.49972739815711975,0.16666355729103088,0.3056027889251709,0.0,0.0
218,0.0,0.0,0.9608607888221741,0.0,0.0,0.0,0.0,0.0,0.0,0.0
219,0.0,0.0,0.0,0.0,0.0,0.0,0.0,0.0,0.0,0.9549885988235474
220,0.0,0.5623787641525269,0.0,0.0,0.0,0.0,0.0,0.39550355076789856,0.0,0.0
221,0.0,0.0,0.0,0.0,0.0,0.39920106530189514,0.0,0.0,0.5660081505775452,0.0
222,0.0,0.0,0.0,0.9749937057495117,0.0,0.0,0.0,0.0,0.0,0.0
223,0.0,0.10090303421020508,0.6697573065757751,0.0,0.0,0.19599857926368713,0.0,0.0,0.0,0.0
224,0.0,0.9571321606636047,0.0,0.0,0.0,0.0,0.0,0.0,0.0,0.0
225,0.0,0.16395896673202515,0.0,0.0,0.8102289438247681,0.0,0.0,0.0,0.0,0.0
226,0.0,0.9699928164482117,0.0,0.0,0.0,0.0,0.0,0.0,0.0,0.0
227,0.0,0.0,0.0,0.0,0.0,0.0,0.9785664677619934,0.0,0.0,0.0
228,0.0,0.9526229500770569,0.0,0.0,0.0,0.0,0.0,0.0,0.0,0.0
229,0.0,0.0,0.9590818881988525,0.0,0.0,0.0,0.0,0.0,0.0,0.0
230,0.0,0.0,0.9666584134101868,0.0,0.0,0.0,0.0,0.0,0.0,0.0
231,0.9653762578964233,0.0,0.0,0.0,0.0,0.0,0.0,0.0,0.0,0.0
232,0.9666602611541748,0.0,0.0,0.0,0.0,0.0,0.0,0.0,0.0,0.0
233,0.0,0.9624910950660706,0.0,0.0,0.0,0.0,0.0,0.0,0.0,0.0
234,0.0,0.0,0.9608615636825562,0.0,0.0,0.0,0.0,0.0,0.0,0.0
235,0.0,0.0,0.9549936056137085,0.0,0.0,0.0,0.0,0.0,0.0,0.0
236,0.0,0.0,0.2595280706882477,0.0,0.0,0.0,0.0,0.0,0.0,0.7084648013114929
237,0.0,0.0,0.0,0.9678500294685364,0.0,0.0,0.0,0.0,0.0,0.0
238,0.0,0.9470480680465698,0.0,0.0,0.0,0.0,0.0,0.0,0.0,0.0
239,0.0,0.0,0.0,0.0,0.0,0.0,0.0,0.918163537979126,0.0,0.0
240,0.0,0.0,0.0,0.0,0.9571312665939331,0.0,0.0,0.0,0.0,0.0
241,0.0,0.778170645236969,0.0,0.179713174700737,0.0,0.0,0.0,0.0,0.0,0.0
242,0.0,0.9526214599609375,0.0,0.0,0.0,0.0,0.0,0.0,0.0,0.0
243,0.0,0.0,0.0,0.0,0.9639919400215149,0.0,0.0,0.0,0.0,0.0
244,0.0,0.0,0.0,0.9699937105178833,0.0,0.0,0.0,0.0,0.0,0.0
245,0.1563916802406311,0.8128320574760437,0.0,0.0,0.0,0.0,0.0,0.0,0.0,0.0
246,0.0,0.0,0.0,0.0,0.0,0.0,0.9608588814735413,0.0,0.0,0.0
247,0.0,0.0,0.0,0.0,0.0,0.0,0.0,0.0,0.518159806728363,0.42849382758140564
248,0.0,0.0,0.9181677103042603,0.0,0.0,0.0,0.0,0.0,0.0,0.0
249,0.0,0.0,0.0,0.0,0.0,0.0,0.9678494334220886,0.0,0.0,0.0
250,0.0,0.0,0.0,0.0,0.0,0.0,0.0,0.0,0.2396017462015152,0.6876513361930847
251,0.0,0.0,0.9549897313117981,0.0,0.0,0.0,0.0,0.0,0.0,0.0
252,0.0,0.0,0.0,0.5979899764060974,0.0,0.0,0.0,0.0,0.3556705117225647,0.014511414803564548
253,0.0,0.0,0.0,0.0,0.0,0.0,0.0,0.9653761982917786,0.0,0.0
254,0.0,0.0,0.4226820766925812,0.0,0.0,0.0,0.5497248768806458,0.0,0.0,0.0
255,0.0,0.0,0.9437334537506104,0.0,0.0,0.0,0.0,0.0,0.0,0.0
256,0.0,0.0,0.0,0.9639911651611328,0.0,0.0,0.0,0.0,0.0,0.0
257,0.0,0.0,0.9699910879135132,0.0,0.0,0.0,0.0,0.0,0.0,0.0
258,0.0,0.9624912738800049,0.0,0.0,0.0,0.0,0.0,0.0,0.0,0.0
259,0.0,0.0,0.0,0.9639909863471985,0.0,0.0,0.0,0.0,0.0,0.0
260,0.20574933290481567,0.7471818327903748,0.0,0.0,0.0,0.0,0.0,0.0,0.0,0.0
261,0.0,0.0,0.0,0.0,0.0,0.0,0.5256527066230774,0.0,0.4476742148399353,0.0
262,0.0,0.0,0.0,0.0,0.0,0.0,0.0,0.16879823803901672,0.8045281171798706,0.0
263,0.0,0.0,0.0,0.0,0.0,0.0,0.0,0.9526203870773315,0.0,0.0
264,0.0,0.9727199673652649,0.0,0.0,0.0,0.0,0.0,0.0,0.0,0.0
265,0.0,0.0,0.0,0.0,0.0,0.0,0.0,0.0,0.9639944434165955,0.0
266,0.0,0.0,0.0,0.0,0.0,0.0,0.5398141741752625,0.0,0.29478663206100464,0.1435185670852661
267,0.9639930725097656,0.0,0.0,0.0,0.0,0.0,0.0,0.0,0.0,0.0
268,0.9571350812911987,0.0,0.0,0.0,0.0,0.0,0.0,0.0,0.0,0.0
269,0.0,0.0,0.0,0.0,0.0,0.0,0.0,0.9499900341033936,0.0,0.0
270,0.0,0.0,0.0,0.0,0.0,0.0,0.957132875919342,0.0,0.0,0.0
271,0.0,0.0,0.49802494049072266,0.0,0.0,0.0,0.0,0.0,0.0,0.46996593475341797
272,0.0,0.0,0.0,0.9666598439216614,0.0,0.0,0.0,0.0,0.0,0.0
273,0.0,0.0,0.0,0.0,0.0,0.0,0.0,0.0,0.9639925956726074,0.0
274,0.0,0.0,0.9624932408332825,0.0,0.0,0.0,0.0,0.0,0.0,0.0
275,0.0,0.22901961207389832,0.0,0.0,0.0,0.0,0.0,0.0,0.0,0.7402027249336243
276,0.0,0.0,0.9678483605384827,0.0,0.0,0.0,0.0,0.0,0.0,0.0
277,0.0,0.0,0.0,0.0,0.0,0.0,0.0,0.0,0.33487963676452637,0.6206634044647217
278,0.0,0.0,0.0,0.0,0.0,0.0,0.9549893140792847,0.0,0.0,0.0
279,0.0,0.45526328682899475,0.0,0.5047283172607422,0.0,0.0,0.0,0.0,0.0,0.0
280,0.0,0.0,0.0,0.0,0.0,0.0,0.39508679509162903,0.5729057788848877,0.0,0.0
281,0.0,0.0,0.160721093416214,0.0,0.0,0.0,0.6147320866584778,0.0,0.0,0.2078760713338852
282,0.2711673080921173,0.0,0.0,0.0,0.0,0.0,0.0,0.0,0.7059698700904846,0.0
283,0.0,0.0,0.0,0.0,0.0,0.0,0.0,0.07427376508712769,0.8971461653709412,0.0
284,0.0,0.0,0.0,0.0,0.0,0.0,0.9742804169654846,0.0,0.0,0.0
285,0.0,0.0,0.0,0.9526211619377136,0.0,0.0,0.0,0.0,0.0,0.0
286,0.0,0.0,0.0,0.0,0.0,0.0,0.0,0.7699709534645081,0.0,0.1879134178161621
287,0.0,0.7903181314468384,0.0,0.0,0.0,0.0,0.1811019480228424,0.0,0.0,0.0
288,0.0,0.0,0.0,0.6143672466278076,0.0,0.0,0.0,0.3508426547050476,0.0,0.0
289,0.0,0.0,0.0,0.0,0.0,0.0,0.0,0.5576016902923584,0.4042927324771881,0.0
290,0.0,0.0,0.0,0.0,0.0,0.0,0.0,0.957133412361145,0.0,0.0
291,0.0,0.0,0.2221202403306961,0.0,0.0,0.0,0.7502864003181458,0.0,0.0,0.0
292,0.0,0.0,0.0,0.0,0.0,0.7631263732910156,0.0,0.19686423242092133,0.0,0.0
293,0.0,0.4399625360965729,0.0,0.5409857034683228,0.0,0.0,0.0,0.0,0.0,0.0
294,0.0,0.9689584970474243,0.0,0.0,0.0,0.0,0.0,0.0,0.0,0.0
295,0.0,0.3303948640823364,0.0,0.6162585020065308,0.0,0.0,0.0,0.0,0.0,0.0
296,0.0,0.0,0.0,0.0,0.0,0.0,0.0,0.0,0.9608614444732666,0.0
297,0.0,0.0,0.0,0.0,0.0,0.0,0.0,0.23377613723278046,0.0,0.7162115573883057
298,0.0,0.9709610939025879,0.0,0.0,0.0,0.0,0.0,0.0,0.0,0.0
299,0.0,0.0,0.16068997979164124,0.0,0.0,0.8073006868362427,0.0,0.0,0.0,0.0
300,0.824294924736023,0.0,0.0,0.0,0.0,0.0,0.0,0.14712640643119812,0.0,0.0
301,0.0,0.0,0.9666599035263062,0.0,0.0,0.0,0.0,0.0,0.0,0.0
302,0.44630560278892517,0.5136825442314148,0.0,0.0,0.0,0.0,0.0,0.0,0.0,0.0
303,0.0,0.0,0.0,0.0,0.0,0.9639938473701477,0.0,0.0,0.0,0.0
304,0.0,0.0,0.0,0.0,0.24761125445365906,0.6990444660186768,0.0,0.0,0.0,0.0
305,0.0,0.0,0.0,0.0,0.0,0.0,0.0,0.9624901413917542,0.0,0.0
306,0.0,0.0,0.0,0.0,0.0,0.0,0.9571320414543152,0.0,0.0,0.0
307,0.0,0.0,0.0,0.9470433592796326,0.0,0.0,0.0,0.0,0.0,0.0
308,0.0,0.0,0.9590831398963928,0.0,0.0,0.0,0.0,0.0,0.0,0.0
309,0.0,0.0,0.0,0.0,0.0,0.0,0.0,0.9624901413917542,0.0,0.0
310,0.0,0.23300719261169434,0.0,0.733649730682373,0.0,0.0,0.0,0.0,0.0,0.0
311,0.9571342468261719,0.0,0.0,0.0,0.0,0.0,0.0,0.0,0.0,0.0
312,0.0,0.0,0.0,0.0,0.0,0.0,0.0,0.0,0.9549886584281921,0.0
313,0.0,0.9549878239631653,0.0,0.0,0.0,0.0,0.0,0.0,0.0,0.0
314,0.9470458030700684,0.0,0.0,0.0,0.0,0.0,0.0,0.0,0.0,0.0
315,0.0,0.0,0.9571335911750793,0.0,0.0,0.0,0.0,0.0,0.0,0.0
316,0.0,0.0,0.0,0.0,0.0,0.0,0.0,0.0,0.0,0.9549926519393921
317,0.0,0.0,0.9624906182289124,0.0,0.0,0.0,0.0,0.0,0.0,0.0
318,0.0,0.0,0.9689598083496094,0.0,0.0,0.0,0.0,0.0,0.0,0.0
319,0.0,0.9590831995010376,0.0,0.0,0.0,0.0,0.0,0.0,0.0,0.0
320,0.0,0.0,0.0,0.0,0.0,0.0,0.0,0.0,0.0,0.9571335911750793
321,0.0,0.9549908638000488,0.0,0.0,0.0,0.0,0.0,0.0,0.0,0.0
322,0.0,0.0,0.5941228866577148,0.0,0.0,0.0,0.36950603127479553,0.0,0.0,0.0
323,0.0,0.0,0.0,0.0,0.0,0.0,0.0,0.9718675017356873,0.0,0.0
324,0.0,0.0,0.0,0.9624906182289124,0.0,0.0,0.0,0.0,0.0,0.0
325,0.0,0.9653748273849487,0.0,0.0,0.0,0.0,0.0,0.0,0.0,0.0
326,0.0,0.9590839147567749,0.0,0.0,0.0,0.0,0.0,0.0,0.0,0.0
327,0.0,0.0,0.9590826034545898,0.0,0.0,0.0,0.0,0.0,0.0,0.0
328,0.9526186585426331,0.0,0.0,0.0,0.0,0.0,0.0,0.0,0.0,0.0
329,0.0,0.0,0.0,0.0,0.0,0.0,0.0,0.0,0.0,0.9608604907989502
330,0.0,0.0,0.0,0.0,0.0,0.0,0.0,0.0,0.0,0.9499887824058533
331,0.0,0.0,0.0,0.0,0.0,0.0,0.0,0.0,0.0,0.9709628224372864
332,0.6215326189994812,0.0,0.3498881161212921,0.0,0.0,0.0,0.0,0.0,0.0,0.0
333,0.0,0.0,0.0,0.9571316838264465,0.0,0.0,0.0,0.0,0.0,0.0
334,0.0,0.0,0.0,0.9499894380569458,0.0,0.0,0.0,0.0,0.0,0.0
335,0.0,0.0,0.9689598679542542,0.0,0.0,0.0,0.0,0.0,0.0,0.0
336,0.0,0.0,0.0,0.0,0.0,0.0,0.967850387096405,0.0,0.0,0.0
337,0.0,0.0,0.9526204466819763,0.0,0.0,0.0,0.0,0.0,0.0,0.0
338,0.011114824563264847,0.4421786069869995,0.01111491397023201,0.011114785447716713,0.011113900691270828,0.011113331653177738,0.4689086377620697,0.011113578453660011,0.011112822219729424,0.01111460942775011
339,0.42381346225738525,0.0,0.0,0.0,0.0,0.0,0.0,0.0,0.5034422278404236,0.0
340,0.0,0.0,0.0,0.0,0.0,0.0,0.0,0.9307539463043213,0.0,0.0
341,0.0,0.0,0.918165385723114,0.0,0.0,0.0,0.0,0.0,0.0,0.0
342,0.0,0.0,0.0,0.0,0.0,0.0,0.0,0.0,0.0,0.9526212811470032
343,0.0,0.9526224732398987,0.0,0.0,0.0,0.0,0.0,0.0,0.0,0.0
344,0.0,0.0,0.0,0.0,0.0,0.0,0.0,0.0,0.0,0.9399891495704651
345,0.0,0.9699935913085938,0.0,0.0,0.0,0.0,0.0,0.0,0.0,0.0
346,0.0,0.9678523540496826,0.0,0.0,0.0,0.0,0.0,0.0,0.0,0.0
347,0.0,0.9608623385429382,0.0,0.0,0.0,0.0,0.0,0.0,0.0,0.0
348,0.0,0.0,0.0,0.0,0.0,0.0,0.0,0.0,0.0,0.9571316242218018
349,0.0,0.0,0.0,0.0,0.0,0.0,0.0,0.9526220560073853,0.0,0.0
350,0.0,0.0,0.0,0.0,0.0,0.9749941229820251,0.0,0.0,0.0,0.0
351,0.0,0.0,0.9742794632911682,0.0,0.0,0.0,0.0,0.0,0.0,0.0
352,0.0,0.6198463439941406,0.0,0.0,0.346813440322876,0.0,0.0,0.0,0.0,0.0
353,0.0,0.0,0.0,0.0,0.0,0.5756663084030151,0.0,0.39099442958831787,0.0,0.0
354,0.0,0.0,0.0,0.0,0.0,0.0,0.0,0.0,0.954992413520813,0.0
355,0.5258955359458923,0.0,0.44651180505752563,0.0,0.0,0.0,0.0,0.0,0.0,0.0
356,0.0,0.0,0.0,0.0,0.0,0.0,0.0,0.9549874067306519,0.0,0.0
357,0.0,0.0,0.0,0.448001891374588,0.0,0.0,0.0,0.5269924402236938,0.0,0.0
358,0.0,0.0,0.0,0.0,0.0,0.0,0.0,0.9678510427474976,0.0,0.0
359,0.0,0.0,0.0,0.0,0.0,0.15429723262786865,0.0,0.0,0.0,0.8136962056159973
360,0.0,0.0,0.0,0.0,0.0,0.0,0.9608603119850159,0.0,0.0,0.0
361,0.0,0.0,0.0,0.0,0.0,0.0,0.0,0.0,0.9727221131324768,0.0
362,0.0,0.0,0.0,0.0,0.0,0.0,0.0,0.0,0.9689589142799377,0.0
363,0.0,0.0,0.0,0.0,0.0,0.0,0.0,0.9666593074798584,0.0,0.0
364,0.0,0.0,0.0,0.0,0.0,0.0,0.9571344256401062,0.0,0.0,0.0
365,0.0,0.0,0.0,0.0,0.0,0.0,0.0,0.39750123023986816,0.0,0.5677091479301453
366,0.0,0.0,0.0,0.0,0.0,0.0,0.0,0.0,0.0,0.9653765559196472
367,0.0,0.0,0.971868634223938,0.0,0.0,0.0,0.0,0.0,0.0,0.0
368,0.0,0.0,0.9624924659729004,0.0,0.0,0.0,0.0,0.0,0.0,0.0
369,0.0,0.0,0.0,0.0,0.9549907445907593,0.0,0.0,0.0,0.0,0.0
370,0.0,0.0,0.0,0.0,0.0,0.0,0.9470508694648743,0.0,0.0,0.0
371,0.0,0.0,0.0,0.0,0.0,0.0,0.0,0.0,0.0,0.9437310099601746
372,0.0,0.0,0.0,0.0,0.9357019066810608,0.0,0.0,0.0,0.0,0.0
373,0.0,0.0,0.0,0.0,0.0,0.0,0.0,0.9399813413619995,0.0,0.0
374,0.0,0.0,0.8342800736427307,0.1323770135641098,0.0,0.0,0.0,0.0,0.0,0.0
375,0.0,0.0,0.0,0.0,0.0,0.0,0.9307516813278198,0.0,0.0,0.0
376,0.0,0.0,0.0,0.0,0.0,0.0,0.0,0.0,0.0,0.9470468759536743
377,0.0,0.939985454082489,0.0,0.0,0.0,0.0,0.0,0.0,0.0,0.0
378,0.0,0.0,0.0,0.0,0.0,0.0,0.0,0.0,0.0,0.9526195526123047
379,0.0,0.0,0.0,0.0,0.0,0.0,0.0,0.0,0.0,0.9590810537338257
380,0.0,0.0,0.0,0.0,0.0,0.0,0.0,0.0,0.9699925184249878,0.0
381,0.0,0.0,0.0,0.0,0.0,0.0,0.0,0.9624907374382019,0.0,0.0
382,0.0,0.0,0.0,0.0,0.0,0.0,0.0,0.9699933528900146,0.0,0.0
383,0.0,0.0,0.0,0.0,0.0,0.0,0.0,0.0,0.9571313261985779,0.0
384,0.0,0.0,0.0,0.0,0.0,0.0,0.0,0.9499874114990234,0.0,0.0
385,0.0,0.9590792059898376,0.0,0.0,0.0,0.0,0.0,0.0,0.0,0.0
386,0.0,0.0,0.0,0.4491203725337982,0.0,0.0,0.0,0.5188725590705872,0.0,0.0
387,0.9526203274726868,0.0,0.0,0.0,0.0,0.0,0.0,0.0,0.0,0.0
388,0.0,0.0,0.0,0.9639925360679626,0.0,0.0,0.0,0.0,0.0,0.0
389,0.0,0.0,0.9437393546104431,0.0,0.0,0.0,0.0,0.0,0.0,0.0
390,0.0,0.0,0.24629777669906616,0.11843777447938919,0.0,0.0,0.2701832056045532,0.0,0.34689462184906006,0.0
391,0.0,0.0,0.0,0.41002586483955383,0.0,0.5623801350593567,0.0,0.0,0.0,0.0
392,0.0,0.0,0.0,0.0,0.0,0.9549893140792847,0.0,0.0,0.0,0.0
393,0.0,0.9639917612075806,0.0,0.0,0.0,0.0,0.0,0.0,0.0,0.0
394,0.0,0.15040796995162964,0.8237786293029785,0.0,0.0,0.0,0.0,0.0,0.0,0.0
395,0.0,0.0,0.0,0.0,0.0,0.0,0.0,0.0,0.0,0.9571346044540405
396,0.0,0.0,0.0,0.9399896860122681,0.0,0.0,0.0,0.0,0.0,0.0
397,0.0,0.0,0.0,0.0,0.0,0.0,0.9727213382720947,0.0,0.0,0.0
398,0.0,0.0,0.0,0.9608586430549622,0.0,0.0,0.0,0.0,0.0,0.0
399,0.7900899648666382,0.0,0.1735401749610901,0.0,0.0,0.0,0.0,0.0,0.0,0.0
400,0.0,0.9689586162567139,0.0,0.0,0.0,0.0,0.0,0.0,0.0,0.0
401,0.0,0.3873554468154907,0.0,0.0,0.0,0.0,0.0,0.0,0.0,0.5830078721046448
402,0.0,0.0,0.6740956902503967,0.0,0.0,0.0,0.0,0.28779923915863037,0.0,0.0
403,0.0,0.0,0.9526187777519226,0.0,0.0,0.0,0.0,0.0,0.0,0.0
404,0.0,0.9590798020362854,0.0,0.0,0.0,0.0,0.0,0.0,0.0,0.0
405,0.0,0.0,0.5918453335762024,0.37851670384407043,0.0,0.0,0.0,0.0,0.0,0.0
406,0.0,0.0,0.0,0.0,0.0,0.0,0.9181641936302185,0.0,0.0,0.0
407,0.0,0.390802800655365,0.0,0.0,0.0,0.0,0.0,0.0,0.0,0.5806188583374023
408,0.0,0.0,0.0,0.9653781652450562,0.0,0.0,0.0,0.0,0.0,0.0
409,0.0,0.0,0.0,0.3555488586425781,0.6124448776245117,0.0,0.0,0.0,0.0,0.0
410,0.0,0.9608591198921204,0.0,0.0,0.0,0.0,0.0,0.0,0.0,0.0
411,0.0,0.0,0.0,0.0,0.0,0.0,0.0,0.0,0.0,0.9499882459640503
412,0.9653789401054382,0.0,0.0,0.0,0.0,0.0,0.0,0.0,0.0,0.0
413,0.0,0.0,0.6030868291854858,0.0,0.0,0.0,0.0,0.3610668480396271,0.0,0.0
414,0.0,0.0,0.0,0.0,0.0,0.0,0.9639928340911865,0.0,0.0,0.0
415,0.0,0.0,0.9571322202682495,0.0,0.0,0.0,0.0,0.0,0.0,0.0
416,0.0,0.0,0.9437391757965088,0.0,0.0,0.0,0.0,0.0,0.0,0.0
417,0.4809536039829254,0.0,0.0,0.0,0.0,0.0,0.4790353775024414,0.0,0.0,0.0
418,0.9689578413963318,0.0,0.0,0.0,0.0,0.0,0.0,0.0,0.0,0.0
419,0.0,0.0,0.0,0.9590814113616943,0.0,0.0,0.0,0.0,0.0,0.0
420,0.0,0.0,0.0,0.0,0.0,0.0,0.0,0.0,0.0,0.9639925956726074
421,0.0,0.0,0.9639917612075806,0.0,0.0,0.0,0.0,0.0,0.0,0.0
422,0.0,0.0,0.0,0.0,0.0,0.0,0.9399882555007935,0.0,0.0,0.0
423,0.0,0.0,0.0,0.0,0.0,0.9499874114990234,0.0,0.0,0.0,0.0
424,0.0,0.0,0.0,0.0,0.0,0.0,0.0,0.0,0.0,0.9608624577522278
425,0.0,0.0,0.69782954454422,0.0,0.0,0.0,0.0,0.2688298225402832,0.0,0.0
426,0.0,0.09649895131587982,0.0,0.0,0.0,0.0,0.8634911179542542,0.0,0.0,0.0
427,0.0,0.0,0.0,0.0,0.0,0.0,0.9590802788734436,0.0,0.0,0.0
428,0.0,0.0,0.0,0.0,0.9571370482444763,0.0,0.0,0.0,0.0,0.0
429,0.0,0.0,0.0,0.9470484256744385,0.0,0.0,0.0,0.0,0.0,0.0
430,0.0,0.9639911651611328,0.0,0.0,0.0,0.0,0.0,0.0,0.0,0.0
431,0.0,0.0,0.0,0.0,0.9639900922775269,0.0,0.0,0.0,0.0,0.0
432,0.0,0.9357020258903503,0.0,0.0,0.0,0.0,0.0,0.0,0.0,0.0
433,0.0,0.0,0.9624913334846497,0.0,0.0,0.0,0.0,0.0,0.0,0.0
434,0.0,0.0,0.0,0.0,0.0,0.0,0.0,0.0,0.0,0.9608601331710815
435,0.0,0.0,0.0,0.0,0.9727222323417664,0.0,0.0,0.0,0.0,0.0
436,0.9639928340911865,0.0,0.0,0.0,0.0,0.0,0.0,0.0,0.0,0.0
437,0.0,0.0,0.0,0.0,0.0,0.0,0.9653776288032532,0.0,0.0,0.0
438,0.9666584730148315,0.0,0.0,0.0,0.0,0.0,0.0,0.0,0.0,0.0
439,0.9666591286659241,0.0,0.0,0.0,0.0,0.0,0.0,0.0,0.0,0.0
440,0.0,0.0,0.0,0.0,0.7192001938819885,0.0,0.0,0.0,0.0,0.25655126571655273
441,0.9590839147567749,0.0,0.0,0.0,0.0,0.0,0.0,0.0,0.0,0.0
442,0.9549897909164429,0.0,0.0,0.0,0.0,0.0,0.0,0.0,0.0,0.0
443,0.0,0.0,0.0,0.0,0.0,0.0,0.5743273496627808,0.0,0.0,0.38355714082717896
444,0.0,0.0,0.5690702795982361,0.0,0.3775838017463684,0.0,0.0,0.0,0.0,0.0
445,0.3612692952156067,0.0,0.0,0.0,0.0,0.0,0.0,0.0,0.607953667640686,0.0
446,0.0,0.0,0.0,0.0,0.9678497314453125,0.0,0.0,0.0,0.0,0.0
447,0.0,0.0,0.0,0.0,0.0,0.9571343064308167,0.0,0.0,0.0,0.0
448,0.0,0.0,0.0,0.0,0.0,0.9470468163490295,0.0,0.0,0.0,0.0
449,0.0,0.9653784036636353,0.0,0.0,0.0,0.0,0.0,0.0,0.0,0.0
450,0.0,0.2867557406425476,0.0,0.0,0.0,0.0,0.0,0.0,0.0,0.6732345223426819
451,0.0,0.0,0.0,0.0,0.0,0.0,0.9718690514564514,0.0,0.0,0.0
452,0.0,0.07019778341054916,0.0,0.6857180595397949,0.0,0.0,0.0,0.2149103283882141,0.0,0.0
453,0.0,0.0,0.0,0.9470493197441101,0.0,0.0,0.0,0.0,0.0,0.0
454,0.9470497369766235,0.0,0.0,0.0,0.0,0.0,0.0,0.0,0.0,0.0
455,0.0,0.9727201461791992,0.0,0.0,0.0,0.0,0.0,0.0,0.0,0.0
456,0.0,0.0,0.0,0.0,0.2006503939628601,0.42792099714279175,0.0,0.11929038166999817,0.0,0.2333827018737793
457,0.0,0.0,0.0,0.0,0.9709613919258118,0.0,0.0,0.0,0.0,0.0
458,0.0,0.9639936685562134,0.0,0.0,0.0,0.0,0.0,0.0,0.0,0.0
459,0.0,0.0,0.0,0.4923533499240875,0.0,0.23289142549037933,0.0,0.24558083713054657,0.0,0.0
460,0.0,0.0,0.9639900922775269,0.0,0.0,0.0,0.0,0.0,0.0,0.0
461,0.0,0.0,0.9590811133384705,0.0,0.0,0.0,0.0,0.0,0.0,0.0
462,0.0,0.0,0.0,0.0,0.6132763028144836,0.0,0.0,0.3581450283527374,0.0,0.0
463,0.0,0.0,0.0,0.0,0.0,0.9653781056404114,0.0,0.0,0.0,0.0
464,0.6095235347747803,0.3638029396533966,0.0,0.0,0.0,0.0,0.0,0.0,0.0,0.0
465,0.0,0.0,0.2250150442123413,0.0,0.0,0.0,0.752122700214386,0.0,0.0,0.0
466,0.0,0.0,0.9639906287193298,0.0,0.0,0.0,0.0,0.0,0.0,0.0
467,0.0,0.0,0.0,0.0,0.0,0.0,0.9689604043960571,0.0,0.0,0.0
468,0.0,0.0,0.0,0.0,0.17886033654212952,0.7925598621368408,0.0,0.0,0.0,0.0
469,0.0,0.0,0.0,0.0,0.0,0.0,0.0,0.0,0.9666590690612793,0.0
470,0.0,0.9549850225448608,0.0,0.0,0.0,0.0,0.0,0.0,0.0,0.0
471,0.0,0.0,0.0,0.0,0.0,0.0,0.0,0.9526227712631226,0.0,0.0
472,0.0,0.0,0.0,0.9678502678871155,0.0,0.0,0.0,0.0,0.0,0.0
473,0.0,0.0,0.0,0.0,0.0,0.0,0.0,0.17780429124832153,0.7925596833229065,0.0
474,0.0,0.0,0.0,0.9639922976493835,0.0,0.0,0.0,0.0,0.0,0.0
475,0.0,0.0,0.0,0.0,0.0,0.7533107995986938,0.0,0.0,0.0,0.22244055569171906
476,0.0,0.0,0.0,0.0,0.0,0.0,0.0,0.0,0.0,0.9709630608558655
477,0.0,0.0,0.0,0.0,0.0,0.0,0.0,0.9653780460357666,0.0,0.0
478,0.0,0.0,0.0,0.9653785824775696,0.0,0.0,0.0,0.0,0.0,0.0
479,0.0,0.0,0.0,0.0,0.0,0.9437326192855835,0.0,0.0,0.0,0.0
480,0.0,0.0,0.0,0.0,0.0,0.0,0.0,0.0,0.0,0.9549851417541504
481,0.0,0.04325804486870766,0.0,0.0,0.0,0.0,0.0,0.899582028388977,0.0,0.0
482,0.0,0.0,0.0,0.0,0.0,0.0,0.0,0.9639917016029358,0.0,0.0
483,0.0,0.9624907970428467,0.0,0.0,0.0,0.0,0.0,0.0,0.0,0.0
484,0.0,0.7798058390617371,0.0,0.0,0.0,0.18818539381027222,0.0,0.0,0.0,0.0
485,0.0,0.0,0.0,0.0,0.9470451474189758,0.0,0.0,0.0,0.0,0.0
486,0.0,0.0,0.0,0.0,0.0,0.0,0.0,0.9666569828987122,0.0,0.0
487,0.0,0.0,0.0,0.0,0.0,0.0,0.9571359157562256,0.0,0.0,0.0
488,0.0,0.9499913454055786,0.0,0.0,0.0,0.0,0.0,0.0,0.0,0.0
489,0.0,0.0,0.0,0.9357002973556519,0.0,0.0,0.0,0.0,0.0,0.0
490,0.0,0.0,0.0,0.9639912247657776,0.0,0.0,0.0,0.0,0.0,0.0
491,0.0,0.0,0.0,0.9437380433082581,0.0,0.0,0.0,0.0,0.0,0.0
492,0.9470481872558594,0.0,0.0,0.0,0.0,0.0,0.0,0.0,0.0,0.0
493,0.0,0.9571337699890137,0.0,0.0,0.0,0.0,0.0,0.0,0.0,0.0
494,0.0,0.0,0.9678503274917603,0.0,0.0,0.0,0.0,0.0,0.0,0.0
495,0.0,0.0,0.0,0.9639902710914612,0.0,0.0,0.0,0.0,0.0,0.0
496,0.0,0.0,0.0,0.0,0.0,0.9653759598731995,0.0,0.0,0.0,0.0
497,0.0,0.943738579750061,0.0,0.0,0.0,0.0,0.0,0.0,0.0,0.0
498,0.0,0.0,0.0,0.0,0.0,0.0,0.0,0.0,0.0,0.9399878978729248
499,0.0,0.0,0.0,0.9307541847229004,0.0,0.0,0.0,0.0,0.0,0.0
500,0.0,0.0,0.9571335911750793,0.0,0.0,0.0,0.0,0.0,0.0,0.0
501,0.0,0.0,0.9307609796524048,0.0,0.0,0.0,0.0,0.0,0.0,0.0
502,0.0,0.0,0.0,0.9307546615600586,0.0,0.0,0.0,0.0,0.0,0.0
503,0.0,0.0,0.0,0.0,0.0,0.9624912738800049,0.0,0.0,0.0,0.0
504,0.0,0.0,0.0,0.0,0.0,0.0,0.9470470547676086,0.0,0.0,0.0
505,0.0,0.0,0.0,0.0,0.0,0.0,0.9608603119850159,0.0,0.0,0.0
506,0.0,0.0,0.0,0.0,0.9639903903007507,0.0,0.0,0.0,0.0,0.0
507,0.0,0.0,0.0,0.0,0.0,0.0,0.0,0.0,0.0,0.9624912738800049
508,0.0,0.0,0.0,0.0,0.0,0.0,0.0,0.9624918103218079,0.0,0.0
509,0.0,0.0,0.0,0.0,0.0,0.0,0.0,0.0,0.0,0.9718685746192932
510,0.0,0.9678525924682617,0.0,0.0,0.0,0.0,0.0,0.0,0.0,0.0
511,0.0,0.9526198506355286,0.0,0.0,0.0,0.0,0.0,0.0,0.0,0.0
512,0.0,0.0,0.0,0.9549924731254578,0.0,0.0,0.0,0.0,0.0,0.0
513,0.0,0.0,0.0,0.9399867653846741,0.0,0.0,0.0,0.0,0.0,0.0
514,0.0,0.0,0.0,0.9624913334846497,0.0,0.0,0.0,0.0,0.0,0.0
515,0.0,0.954990029335022,0.0,0.0,0.0,0.0,0.0,0.0,0.0,0.0
516,0.0,0.0,0.0,0.0,0.0,0.0,0.0,0.0,0.0,0.954992949962616
517,0.0,0.0,0.9549905061721802,0.0,0.0,0.0,0.0,0.0,0.0,0.0
518,0.0,0.0,0.0,0.0,0.0,0.0,0.0,0.5432425737380981,0.0,0.42038580775260925
519,0.0,0.0,0.9639902710914612,0.0,0.0,0.0,0.0,0.0,0.0,0.0
520,0.0,0.0,0.0,0.0,0.0,0.0,0.0,0.0,0.0,0.9678488373756409
521,0.9774950742721558,0.0,0.0,0.0,0.0,0.0,0.0,0.0,0.0,0.0
522,0.0,0.0,0.0,0.0,0.0,0.0,0.9571319818496704,0.0,0.0,0.0
523,0.0,0.0,0.0,0.0,0.0,0.0,0.9718685150146484,0.0,0.0,0.0
524,0.0,0.0,0.0,0.9399873614311218,0.0,0.0,0.0,0.0,0.0,0.0
525,0.0,0.0,0.0,0.0,0.0,0.9742814302444458,0.0,0.0,0.0,0.0
526,0.9590796828269958,0.0,0.0,0.0,0.0,0.0,0.0,0.0,0.0,0.0
527,0.0,0.0,0.0,0.0,0.0,0.0,0.9689581394195557,0.0,0.0,0.0
528,0.0,0.0,0.0,0.0,0.0,0.9608598947525024,0.0,0.0,0.0,0.0
529,0.0,0.0,0.0,0.0,0.0,0.0,0.0,0.9709604978561401,0.0,0.0
530,0.0,0.0,0.0,0.0,0.0,0.5344192385673523,0.0,0.0,0.44133260846138,0.0
531,0.0,0.0,0.0,0.0,0.0,0.0,0.9763111472129822,0.0,0.0,0.0
532,0.0,0.0,0.0,0.0,0.0,0.0,0.0,0.9678508639335632,0.0,0.0
533,0.0,0.0,0.0,0.0,0.0,0.0,0.0,0.0,0.0,0.9689604043960571
534,0.0,0.0,0.0,0.0,0.0,0.0,0.0,0.0,0.0,0.9653764367103577
535,0.0,0.9608616232872009,0.0,0.0,0.0,0.0,0.0,0.0,0.0,0.0
536,0.0,0.0,0.0,0.0,0.0,0.0,0.0,0.0,0.0,0.9666593074798584
537,0.9608596563339233,0.0,0.0,0.0,0.0,0.0,0.0,0.0,0.0,0.0
538,0.0,0.0,0.0,0.9499894380569458,0.0,0.0,0.0,0.0,0.0,0.0
539,0.9749951958656311,0.0,0.0,0.0,0.0,0.0,0.0,0.0,0.0,0.0
540,0.0,0.0,0.0,0.0,0.0,0.9699937105178833,0.0,0.0,0.0,0.0
541,0.0,0.0,0.0,0.0,0.0,0.0,0.9749943614006042,0.0,0.0,0.0
542,0.0,0.0,0.0,0.0,0.0,0.0,0.9678478837013245,0.0,0.0,0.0
543,0.0,0.9666587710380554,0.0,0.0,0.0,0.0,0.0,0.0,0.0,0.0
544,0.0,0.0,0.13651463389396667,0.0,0.0,0.0,0.4955046474933624,0.0,0.0,0.34610074758529663
545,0.0,0.0,0.0,0.7487952709197998,0.0,0.0,0.22539235651493073,0.0,0.0,0.0
546,0.0,0.0,0.0,0.0,0.0,0.0,0.9718691110610962,0.0,0.0,0.0
547,0.0,0.0,0.0,0.9727210998535156,0.0,0.0,0.0,0.0,0.0,0.0
548,0.0,0.0,0.9639902710914612,0.0,0.0,0.0,0.0,0.0,0.0,0.0
549,0.0,0.0,0.0,0.0,0.0,0.0,0.0,0.0,0.9742801189422607,0.0
550,0.0,0.0,0.5781148672103882,0.39110830426216125,0.0,0.0,0.0,0.0,0.0,0.0
551,0.0,0.0,0.0,0.0,0.9653763175010681,0.0,0.0,0.0,0.0,0.0
552,0.0,0.0,0.0,0.5034698247909546,0.0,0.0,0.0,0.0,0.0,0.46015891432762146
553,0.0,0.9653781056404114,0.0,0.0,0.0,0.0,0.0,0.0,0.0,0.0
554,0.0,0.0,0.0,0.0,0.0,0.0,0.0,0.0,0.0,0.9689582586288452
555,0.0,0.9699921011924744,0.0,0.0,0.0,0.0,0.0,0.0,0.0,0.0
556,0.0,0.0,0.0,0.9639930129051208,0.0,0.0,0.0,0.0,0.0,0.0
557,0.0,0.0,0.0,0.48102712631225586,0.0,0.0,0.0,0.49734532833099365,0.0,0.0
558,0.0,0.0,0.0,0.0,0.0,0.0,0.0,0.0,0.0,0.9678488373756409
559,0.0,0.0,0.12500490248203278,0.0,0.8521318435668945,0.0,0.0,0.0,0.0,0.0
560,0.0,0.0,0.0,0.0,0.0,0.0,0.0,0.0,0.0,0.9709622859954834
561,0.0,0.0,0.0,0.14348289370536804,0.0,0.0,0.0,0.8307051658630371,0.0,0.0
562,0.0,0.0,0.0,0.9639942049980164,0.0,0.0,0.0,0.0,0.0,0.0
563,0.0,0.0,0.0,0.0,0.0,0.0,0.0,0.0,0.0,0.9653772711753845
564,0.9699944853782654,0.0,0.0,0.0,0.0,0.0,0.0,0.0,0.0,0.0
565,0.0,0.0,0.0,0.0,0.0,0.0,0.9699923992156982,0.0,0.0,0.0
566,0.0,0.0,0.0,0.0,0.967850923538208,0.0,0.0,0.0,0.0,0.0
567,0.0,0.9699939489364624,0.0,0.0,0.0,0.0,0.0,0.0,0.0,0.0
568,0.0,0.0,0.0,0.9571342468261719,0.0,0.0,0.0,0.0,0.0,0.0
569,0.0,0.9639924168586731,0.0,0.0,0.0,0.0,0.0,0.0,0.0,0.0
570,0.0,0.560244619846344,0.0,0.4089767634868622,0.0,0.0,0.0,0.0,0.0,0.0
571,0.0,0.0,0.0,0.0,0.0,0.0,0.0,0.0,0.0,0.9624906182289124
572,0.577492356300354,0.0,0.0,0.0,0.0,0.0,0.0,0.0,0.39750128984451294,0.0
573,0.0,0.0,0.0,0.0,0.0,0.0,0.0,0.5477384924888611,0.41225340962409973,0.0
574,0.0,0.0,0.9624925255775452,0.0,0.0,0.0,0.0,0.0,0.0,0.0
575,0.0,0.0,0.0,0.0,0.0,0.0,0.0,0.9549933671951294,0.0,0.0
576,0.0,0.0,0.0,0.0,0.0,0.09754395484924316,0.8691147565841675,0.0,0.0,0.0
577,0.9549897313117981,0.0,0.0,0.0,0.0,0.0,0.0,0.0,0.0,0.0
578,0.0,0.0,0.0,0.9549910426139832,0.0,0.0,0.0,0.0,0.0,0.0
579,0.0,0.0,0.0,0.0,0.9608603119850159,0.0,0.0,0.0,0.0,0.0
580,0.0,0.0,0.9590824246406555,0.0,0.0,0.0,0.0,0.0,0.0,0.0
581,0.0,0.0,0.0,0.0,0.0,0.0,0.0,0.9666593670845032,0.0,0.0
582,0.0,0.0,0.0,0.0,0.0,0.0,0.9624913334846497,0.0,0.0,0.0
583,0.25451895594596863,0.0,0.0,0.0,0.7147040367126465,0.0,0.0,0.0,0.0,0.0
584,0.0,0.0,0.0,0.7381501793861389,0.0,0.22374416887760162,0.0,0.0,0.0,0.0
585,0.0,0.0,0.0,0.0,0.0,0.0,0.0,0.0,0.0,0.962490975856781
586,0.0,0.0,0.0,0.0,0.0,0.9608628749847412,0.0,0.0,0.0,0.0
587,0.0,0.0,0.0,0.0,0.0,0.9718694090843201,0.0,0.0,0.0,0.0
588,0.0,0.0,0.0,0.0,0.9699925184249878,0.0,0.0,0.0,0.0,0.0
589,0.0,0.0,0.0,0.0,0.9499902725219727,0.0,0.0,0.0,0.0,0.0
590,0.0,0.9608628153800964,0.0,0.0,0.0,0.0,0.0,0.0,0.0,0.0
591,0.0,0.0,0.0,0.0,0.9639928340911865,0.0,0.0,0.0,0.0,0.0
592,0.0,0.0,0.0,0.2949330508708954,0.0,0.0,0.0,0.0,0.0,0.6742908358573914
593,0.9526228904724121,0.0,0.0,0.0,0.0,0.0,0.0,0.0,0.0,0.0
594,0.0,0.29748478531837463,0.6661421656608582,0.0,0.0,0.0,0.0,0.0,0.0,0.0
595,0.0,0.0,0.0,0.9689595699310303,0.0,0.0,0.0,0.0,0.0,0.0
596,0.0,0.0,0.0,0.0,0.959082841873169,0.0,0.0,0.0,0.0,0.0
597,0.0,0.0,0.0,0.0,0.9499915242195129,0.0,0.0,0.0,0.0,0.0
598,0.0,0.0,0.0,0.0,0.0,0.0,0.0,0.0,0.0,0.9653775095939636
599,0.0,0.0,0.0,0.0,0.0,0.0,0.0,0.9624903798103333,0.0,0.0
600,0.0,0.0,0.0,0.06953433901071548,0.0,0.0,0.890454113483429,0.0,0.0,0.0
601,0.0,0.9624927639961243,0.0,0.0,0.0,0.0,0.0,0.0,0.0,0.0
602,0.0,0.0,0.0,0.9608599543571472,0.0,0.0,0.0,0.0,0.0,0.0
603,0.9666584134101868,0.0,0.0,0.0,0.0,0.0,0.0,0.0,0.0,0.0
604,0.0,0.0,0.0,0.0,0.0,0.0,0.0,0.0,0.0,0.9666580557823181
605,0.0,0.0,0.0,0.0,0.0,0.0,0.0,0.0,0.0,0.9678505659103394
606,0.0,0.0,0.9639931321144104,0.0,0.0,0.0,0.0,0.0,0.0,0.0
607,0.0,0.0,0.0,0.0,0.9689574837684631,0.0,0.0,0.0,0.0,0.0
608,0.0,0.0,0.0,0.0,0.0,0.9499887824058533,0.0,0.0,0.0,0.0
609,0.0,0.0,0.0,0.0,0.0,0.0,0.0,0.0,0.962494432926178,0.0
610,0.0,0.07341371476650238,0.0,0.0,0.0,0.0,0.0,0.8902149200439453,0.0,0.0
611,0.6467187404632568,0.0,0.0,0.0,0.0,0.0,0.0,0.22779496014118195,0.0,0.09047549962997437
612,0.0,0.0,0.0,0.0,0.0,0.6263184547424316,0.0,0.32660821080207825,0.0,0.0
613,0.0,0.0,0.0,0.0,0.0,0.13663022220134735,0.8100258708000183,0.0,0.0,0.0
614,0.49183645844459534,0.18094156682491302,0.0,0.0,0.0,0.2953958213329315,0.0,0.0,0.0,0.0
615,0.0,0.0,0.0,0.9735227227210999,0.0,0.0,0.0,0.0,0.0,0.0
616,0.0,0.0,0.0,0.0,0.0,0.0,0.0,0.0,0.9678471684455872,0.0
617,0.0,0.47832193970680237,0.0,0.4853048026561737,0.0,0.0,0.0,0.0,0.0,0.0
618,0.0,0.0,0.0,0.9499857425689697,0.0,0.0,0.0,0.0,0.0,0.0
619,0.0,0.7033957242965698,0.0,0.0,0.0,0.0,0.2602331340312958,0.0,0.0,0.0
620,0.0,0.0,0.0,0.0,0.7510101199150085,0.0,0.0,0.0,0.0,0.21261772513389587
621,0.0,0.0,0.0,0.0,0.0,0.0,0.0,0.0,0.0,0.9653772115707397
622,0.0,0.0,0.0,0.0,0.0,0.9639919400215149,0.0,0.0,0.0,0.0
623,0.0,0.0,0.9608608484268188,0.0,0.0,0.0,0.0,0.0,0.0,0.0
624,0.0,0.0,0.0,0.0,0.0,0.0,0.0,0.0,0.0,0.9678484797477722
625,0.0,0.0,0.0,0.0,0.0,0.0,0.9624925255775452,0.0,0.0,0.0
626,0.9499903917312622,0.0,0.0,0.0,0.0,0.0,0.0,0.0,0.0,0.0
627,0.0,0.0,0.9571349620819092,0.0,0.0,0.0,0.0,0.0,0.0,0.0
628,0.0,0.0,0.0,0.0,0.0,0.0,0.9689592123031616,0.0,0.0,0.0
629,0.0,0.0,0.0,0.0,0.0,0.0,0.0,0.9699925184249878,0.0,0.0
630,0.0,0.0,0.0,0.0,0.23935285210609436,0.7330543398857117,0.0,0.0,0.0,0.0
631,0.723351001739502,0.0,0.0,0.0,0.0,0.0,0.0,0.0,0.2402736246585846,0.0
632,0.0,0.0,0.0,0.0,0.22632448375225067,0.21317075192928314,0.5371659398078918,0.0,0.0,0.0
633,0.0,0.0,0.0,0.6984652280807495,0.2570808231830597,0.0,0.0,0.0,0.0,0.0
634,0.0,0.0,0.22442452609539032,0.0,0.0,0.0,0.0,0.0,0.7469986081123352,0.0
635,0.0,0.9709612727165222,0.0,0.0,0.0,0.0,0.0,0.0,0.0,0.0
636,0.9639919996261597,0.0,0.0,0.0,0.0,0.0,0.0,0.0,0.0,0.0
637,0.0,0.0,0.0,0.0,0.0,0.0,0.0,0.9718694090843201,0.0,0.0
638,0.0,0.23999401926994324,0.0,0.7303688526153564,0.0,0.0,0.0,0.0,0.0,0.0
639,0.0,0.0,0.0,0.0,0.0,0.0,0.0,0.0,0.9689592123031616,0.0
640,0.0,0.0,0.0,0.0,0.0,0.0,0.0,0.970960259437561,0.0,0.0
641,0.0,0.9526199698448181,0.0,0.0,0.0,0.0,0.0,0.0,0.0,0.0
642,0.0,0.0,0.0,0.0,0.0,0.0,0.0,0.9608640074729919,0.0,0.0
643,0.0,0.9549922943115234,0.0,0.0,0.0,0.0,0.0,0.0,0.0,0.0
644,0.0,0.0,0.0,0.0,0.0,0.0,0.0,0.0,0.0,0.971868634223938
645,0.0,0.0,0.0,0.0,0.0,0.0,0.0,0.0,0.0,0.9526222348213196
646,0.0,0.9666585326194763,0.0,0.0,0.0,0.0,0.0,0.0,0.0,0.0
647,0.0,0.0,0.0,0.13347046077251434,0.0,0.0,0.8429948091506958,0.0,0.0,0.0
648,0.0,0.0,0.0,0.0,0.9624936580657959,0.0,0.0,0.0,0.0,0.0
649,0.0,0.0,0.0,0.0,0.0,0.9653785228729248,0.0,0.0,0.0,0.0
650,0.0,0.0,0.9727216958999634,0.0,0.0,0.0,0.0,0.0,0.0,0.0
651,0.0,0.0,0.0,0.0,0.0,0.970963180065155,0.0,0.0,0.0,0.0
652,0.9624913334846497,0.0,0.0,0.0,0.0,0.0,0.0,0.0,0.0,0.0
653,0.0,0.0,0.0,0.9709606766700745,0.0,0.0,0.0,0.0,0.0,0.0
654,0.0,0.0,0.0,0.0,0.0,0.2792375385761261,0.6899852156639099,0.0,0.0,0.0
655,0.0,0.0,0.0,0.4153013825416565,0.0,0.0,0.5604504942893982,0.0,0.0,0.0
656,0.0,0.0,0.0,0.0,0.0,0.0,0.0,0.0,0.0,0.9639920592308044
657,0.0,0.0,0.0,0.0,0.0,0.0,0.4115467071533203,0.5673956871032715,0.0,0.0
658,0.0,0.959084153175354,0.0,0.0,0.0,0.0,0.0,0.0,0.0,0.0
659,0.0,0.0,0.9399864077568054,0.0,0.0,0.0,0.0,0.0,0.0,0.0
660,0.0,0.0,0.601849377155304,0.0,0.0,0.0,0.0,0.0,0.371476948261261,0.0
661,0.0,0.0,0.0,0.0,0.9678507447242737,0.0,0.0,0.0,0.0,0.0
662,0.0,0.0,0.0,0.0,0.0,0.0,0.0,0.0,0.9718682765960693,0.0
663,0.0,0.0,0.0,0.0,0.1211133748292923,0.0,0.8425153493881226,0.0,0.0,0.0
664,0.9353638887405396,0.0,0.0,0.0,0.0,0.0,0.0338590182363987,0.0,0.0,0.0
665,0.9699916839599609,0.0,0.0,0.0,0.0,0.0,0.0,0.0,0.0,0.0
666,0.0,0.0,0.9437374472618103,0.0,0.0,0.0,0.0,0.0,0.0,0.0
667,0.0,0.0,0.0,0.0,0.0,0.0,0.0,0.0,0.0,0.9590816497802734
668,0.0,0.0,0.0,0.0,0.0,0.0,0.0,0.0,0.0,0.9639919400215149
669,0.0,0.9590823650360107,0.0,0.0,0.0,0.0,0.0,0.0,0.0,0.0
670,0.0,0.9399849772453308,0.0,0.0,0.0,0.0,0.0,0.0,0.0,0.0
671,0.0,0.0,0.0,0.0,0.0,0.0,0.9699937105178833,0.0,0.0,0.0
672,0.0,0.9624917507171631,0.0,0.0,0.0,0.0,0.0,0.0,0.0,0.0
673,0.0,0.0,0.0,0.0,0.0,0.0,0.0,0.0,0.0,0.9678497910499573
674,0.0,0.0,0.0,0.9571353197097778,0.0,0.0,0.0,0.0,0.0,0.0
675,0.0,0.0,0.0,0.0,0.0,0.0,0.9571319818496704,0.0,0.0,0.0
676,0.0,0.952622652053833,0.0,0.0,0.0,0.0,0.0,0.0,0.0,0.0
677,0.0,0.0,0.0,0.0,0.0,0.2792660892009735,0.6978707909584045,0.0,0.0,0.0
678,0.0,0.0,0.1428052932024002,0.8313823342323303,0.0,0.0,0.0,0.0,0.0,0.0
679,0.0,0.0,0.0,0.0,0.0,0.0,0.0,0.0,0.0,0.9470476508140564
680,0.6125712990760803,0.20355668663978577,0.0,0.0,0.0,0.15204577147960663,0.0,0.0,0.0,0.0
681,0.0,0.0,0.959082841873169,0.0,0.0,0.0,0.0,0.0,0.0,0.0
682,0.0,0.6516385674476624,0.0,0.0,0.0,0.0,0.0,0.0,0.31758493185043335,0.0
683,0.0,0.0,0.0,0.4710676968097687,0.0,0.0,0.49929550290107727,0.0,0.0,0.0
684,0.9549885392189026,0.0,0.0,0.0,0.0,0.0,0.0,0.0,0.0,0.0
685,0.9653790593147278,0.0,0.0,0.0,0.0,0.0,0.0,0.0,0.0,0.0
686,0.0,0.0,0.0,0.0,0.0,0.0,0.0,0.0,0.963991105556488,0.0
687,0.0,0.0,0.0,0.0,0.0,0.0,0.0,0.0,0.9653746485710144,0.0
688,0.9624893665313721,0.0,0.0,0.0,0.0,0.0,0.0,0.0,0.0,0.0
689,0.0,0.0,0.0,0.0,0.0,0.0,0.9727205038070679,0.0,0.0,0.0
690,0.0,0.0,0.0,0.0,0.0,0.0,0.0,0.9742798805236816,0.0,0.0
691,0.0,0.0,0.0,0.0,0.0,0.0,0.0,0.8628956079483032,0.0,0.10746677219867706
692,0.9763100147247314,0.0,0.0,0.0,0.0,0.0,0.0,0.0,0.0,0.0
693,0.0,0.0,0.0,0.0,0.0,0.0,0.9699943661689758,0.0,0.0,0.0
694,0.0,0.9774958491325378,0.0,0.0,0.0,0.0,0.0,0.0,0.0,0.0
695,0.0,0.0,0.0,0.0,0.1605716496706009,0.0,0.8144212365150452,0.0,0.0,0.0
696,0.0,0.0,0.0,0.0,0.0,0.0,0.9689602255821228,0.0,0.0,0.0
697,0.0,0.0,0.0,0.0,0.9608595371246338,0.0,0.0,0.0,0.0,0.0
698,0.0,0.0,0.0,0.0,0.0,0.0,0.0,0.0,0.0,0.9718693494796753
699,0.0,0.0,0.0,0.0,0.0,0.0,0.9718683958053589,0.0,0.0,0.0
700,0.0,0.0,0.0,0.0,0.0,0.0,0.0,0.0,0.9666600227355957,0.0
701,0.0,0.0,0.0,0.9639928936958313,0.0,0.0,0.0,0.0,0.0,0.0
702,0.0,0.0,0.0,0.0,0.0,0.9571332335472107,0.0,0.0,0.0,0.0
703,0.0,0.0,0.9624919891357422,0.0,0.0,0.0,0.0,0.0,0.0,0.0
704,0.0,0.0,0.11639083176851273,0.0,0.0,0.0,0.0,0.8577970862388611,0.0,0.0
705,0.0,0.0,0.0,0.0,0.0,0.0,0.0,0.9549892544746399,0.0,0.0
706,0.0,0.0,0.9678486585617065,0.0,0.0,0.0,0.0,0.0,0.0,0.0
707,0.0,0.0,0.5753566026687622,0.0,0.0,0.0,0.0,0.3825308382511139,0.0,0.0
708,0.0,0.0,0.9571300745010376,0.0,0.0,0.0,0.0,0.0,0.0,0.0
709,0.9678490161895752,0.0,0.0,0.0,0.0,0.0,0.0,0.0,0.0,0.0
710,0.0,0.0,0.0,0.0,0.9499906897544861,0.0,0.0,0.0,0.0,0.0
711,0.0,0.0,0.0,0.0,0.0,0.0,0.0,0.0,0.9678484797477722,0.0
712,0.0,0.0,0.0,0.0,0.9639889001846313,0.0,0.0,0.0,0.0,0.0
713,0.0,0.0,0.0,0.0,0.0,0.0,0.0,0.0,0.0,0.9699941277503967
714,0.0,0.9689587354660034,0.0,0.0,0.0,0.0,0.0,0.0,0.0,0.0
715,0.0,0.0,0.0,0.0,0.0,0.0,0.0,0.0,0.9774945974349976,0.0
716,0.0,0.0,0.0,0.0,0.962489902973175,0.0,0.0,0.0,0.0,0.0
717,0.0,0.0,0.0,0.0,0.0,0.0,0.0,0.9526179432868958,0.0,0.0
718,0.0,0.0,0.0,0.947045624256134,0.0,0.0,0.0,0.0,0.0,0.0
719,0.0,0.0,0.36746901273727417,0.0,0.0,0.585462212562561,0.0,0.0,0.0,0.0
720,0.0,0.0,0.0,0.9499891400337219,0.0,0.0,0.0,0.0,0.0,0.0
721,0.0,0.0,0.0,0.0,0.0,0.9571329951286316,0.0,0.0,0.0,0.0
722,0.0,0.0,0.9590843319892883,0.0,0.0,0.0,0.0,0.0,0.0,0.0
723,0.0,0.0,0.0,0.7085230946540833,0.24702109396457672,0.0,0.0,0.0,0.0,0.0
724,0.9549914598464966,0.0,0.0,0.0,0.0,0.0,0.0,0.0,0.0,0.0
725,0.0,0.0,0.0,0.0,0.7776111364364624,0.0,0.0,0.0,0.18904663622379303,0.0
726,0.0,0.0,0.0,0.0,0.0,0.9470493197441101,0.0,0.0,0.0,0.0
727,0.0,0.0,0.0,0.0,0.0,0.0,0.9357025623321533,0.0,0.0,0.0
728,0.0,0.0,0.0,0.0,0.0,0.0,0.0,0.0,0.0,0.9571352601051331
729,0.0,0.0,0.0,0.28139543533325195,0.0,0.4672895669937134,0.0,0.20755444467067719,0.0,0.0
730,0.0,0.0,0.0,0.0,0.0,0.0,0.0,0.0,0.0,0.954990565776825
731,0.0,0.0,0.0,0.3472161293029785,0.3270900845527649,0.0,0.0,0.0,0.29768580198287964,0.0
732,0.0,0.0,0.0,0.0,0.0,0.0,0.0,0.930754542350769,0.0,0.0
733,0.0,0.0,0.7846180200576782,0.17092791199684143,0.0,0.0,0.0,0.0,0.0,0.0
734,0.0,0.0,0.0,0.9608592391014099,0.0,0.0,0.0,0.0,0.0,0.0
735,0.0,0.0,0.9639939069747925,0.0,0.0,0.0,0.0,0.0,0.0,0.0
736,0.0,0.0,0.0,0.0,0.0,0.0,0.14068862795829773,0.8296746015548706,0.0,0.0
737,0.0,0.0,0.0,0.0,0.0,0.0,0.0,0.9437417984008789,0.0,0.0
738,0.0,0.0,0.0,0.0,0.0,0.0,0.0,0.0,0.9624916911125183,0.0
739,0.0,0.0,0.0,0.0,0.0,0.0944918617606163,0.8758711814880371,0.0,0.0,0.0
740,0.0,0.9399899244308472,0.0,0.0,0.0,0.0,0.0,0.0,0.0,0.0
741,0.0,0.0,0.0,0.0,0.0,0.9437387585639954,0.0,0.0,0.0,0.0
742,0.0,0.0,0.0,0.0,0.0,0.0,0.0,0.9307558536529541,0.0,0.0
743,0.0,0.0,0.0,0.0,0.0,0.9549909830093384,0.0,0.0,0.0,0.0
744,0.0,0.0,0.9590839743614197,0.0,0.0,0.0,0.0,0.0,0.0,0.0
745,0.0,0.0,0.0,0.9590831995010376,0.0,0.0,0.0,0.0,0.0,0.0
746,0.0,0.0,0.0,0.0,0.0,0.0,0.0,0.0,0.0,0.9437353014945984
747,0.9571305513381958,0.0,0.0,0.0,0.0,0.0,0.0,0.0,0.0,0.0
748,0.6217820048332214,0.0,0.0,0.0,0.34963974356651306,0.0,0.0,0.0,0.0,0.0
749,0.0,0.0,0.0,0.0,0.0,0.0,0.0,0.9399856925010681,0.0,0.0
750,0.27784010767936707,0.0,0.0,0.6840545535087585,0.0,0.0,0.0,0.0,0.0,0.0
751,0.0,0.0,0.0,0.0,0.0,0.0,0.0,0.0,0.0,0.9653764963150024
752,0.27728739380836487,0.0,0.0,0.564164936542511,0.0,0.1196480467915535,0.0,0.0,0.0,0.0
753,0.0,0.0,0.9653778076171875,0.0,0.0,0.0,0.0,0.0,0.0,0.0
754,0.966659426689148,0.0,0.0,0.0,0.0,0.0,0.0,0.0,0.0,0.0
755,0.0,0.0,0.0,0.0,0.965377926826477,0.0,0.0,0.0,0.0,0.0
756,0.8037909269332886,0.0,0.15983687341213226,0.0,0.0,0.0,0.0,0.0,0.0,0.0
757,0.0,0.9549912214279175,0.0,0.0,0.0,0.0,0.0,0.0,0.0,0.0
758,0.9499878287315369,0.0,0.0,0.0,0.0,0.0,0.0,0.0,0.0,0.0
759,0.0,0.0,0.0,0.8649531006813049,0.0,0.0,0.0,0.0,0.0,0.10745444893836975
760,0.0,0.0,0.0,0.9608599543571472,0.0,0.0,0.0,0.0,0.0,0.0
761,0.6326349973678589,0.0,0.0,0.0,0.0,0.0,0.0,0.0,0.0,0.33658891916275024
762,0.0,0.0,0.9590812921524048,0.0,0.0,0.0,0.0,0.0,0.0,0.0
763,0.0,0.0,0.0,0.9666578769683838,0.0,0.0,0.0,0.0,0.0,0.0
764,0.0,0.0,0.0,0.0,0.0,0.0,0.0,0.0,0.0,0.9590820670127869
765,0.0,0.0,0.0,0.0,0.0,0.0,0.0,0.0,0.9470450282096863,0.0
766,0.0,0.0,0.0,0.0,0.0,0.0,0.9437403678894043,0.0,0.0,0.0
767,0.0,0.0,0.43629956245422363,0.0,0.0,0.5236891508102417,0.0,0.0,0.0,0.0
768,0.0,0.0,0.0,0.9437390565872192,0.0,0.0,0.0,0.0,0.0,0.0
769,0.0,0.0,0.0,0.0,0.0,0.0,0.9549912214279175,0.0,0.0,0.0
770,0.0,0.0,0.0,0.0,0.0,0.6988213658332825,0.0,0.26116815209388733,0.0,0.0
771,0.0,0.0,0.0,0.0,0.0,0.0,0.0,0.0,0.0,0.9549896121025085
772,0.0,0.962491512298584,0.0,0.0,0.0,0.0,0.0,0.0,0.0,0.0
773,0.0,0.0,0.0,0.0,0.0,0.0,0.0,0.0,0.0,0.9608606100082397
774,0.0,0.0,0.0,0.0,0.0,0.0,0.0,0.6274577379226685,0.34176433086395264,0.0
775,0.0,0.0,0.0,0.0,0.0,0.0,0.0,0.0,0.0,0.9590843915939331
776,0.0,0.0,0.0,0.939988374710083,0.0,0.0,0.0,0.0,0.0,0.0
777,0.0,0.0,0.0,0.0,0.0,0.0,0.9549931287765503,0.0,0.0,0.0
778,0.0,0.0,0.0,0.0,0.0,0.0,0.0,0.9678501486778259,0.0,0.0
779,0.0,0.0,0.0,0.0,0.0,0.40702250599861145,0.34360963106155396,0.0,0.0,0.21754084527492523
780,0.9624931216239929,0.0,0.0,0.0,0.0,0.0,0.0,0.0,0.0,0.0
781,0.0,0.0,0.9727187752723694,0.0,0.0,0.0,0.0,0.0,0.0,0.0
782,0.0,0.957129955291748,0.0,0.0,0.0,0.0,0.0,0.0,0.0,0.0
783,0.9727193713188171,0.0,0.0,0.0,0.0,0.0,0.0,0.0,0.0,0.0
784,0.0,0.0,0.0,0.0,0.0,0.9590805172920227,0.0,0.0,0.0,0.0
785,0.0,0.0,0.0,0.0,0.0,0.0,0.9756706953048706,0.0,0.0,0.0
786,0.0,0.0,0.0,0.9549906849861145,0.0,0.0,0.0,0.0,0.0,0.0
787,0.0,0.7854947447776794,0.0,0.0,0.0,0.0,0.0,0.0,0.0,0.17971386015415192
788,0.0,0.0,0.9699926972389221,0.0,0.0,0.0,0.0,0.0,0.0,0.0
789,0.9653770327568054,0.0,0.0,0.0,0.0,0.0,0.0,0.0,0.0,0.0
790,0.0,0.0,0.0,0.0,0.5608198642730713,0.0,0.0,0.0,0.0,0.402803510427475
791,0.9571345448493958,0.0,0.0,0.0,0.0,0.0,0.0,0.0,0.0,0.0
792,0.0,0.0,0.0,0.0,0.0,0.0,0.0,0.9590849280357361,0.0,0.0
793,0.0,0.0,0.622809886932373,0.0,0.0,0.0,0.0,0.0,0.0,0.3423992395401001
794,0.0,0.0,0.0,0.0,0.0,0.0,0.0,0.9678500890731812,0.0,0.0
795,0.0,0.0,0.0,0.9549874067306519,0.0,0.0,0.0,0.0,0.0,0.0
796,0.0,0.0,0.0,0.966660737991333,0.0,0.0,0.0,0.0,0.0,0.0
797,0.0,0.0,0.0,0.9608619809150696,0.0,0.0,0.0,0.0,0.0,0.0
798,0.0,0.0,0.0,0.9639924764633179,0.0,0.0,0.0,0.0,0.0,0.0
799,0.0,0.0,0.0,0.9624919891357422,0.0,0.0,0.0,0.0,0.0,0.0
800,0.0,0.0,0.0,0.0,0.0,0.0,0.9639894962310791,0.0,0.0,0.0
801,0.9689586162567139,0.0,0.0,0.0,0.0,0.0,0.0,0.0,0.0,0.0
802,0.0,0.0,0.0,0.0,0.0,0.0,0.0,0.9549925923347473,0.0,0.0
803,0.0,0.0,0.0,0.0,0.0,0.0,0.0,0.0,0.0,0.9624894261360168
804,0.0,0.0,0.0,0.0,0.0,0.0,0.0,0.2924579083919525,0.6694363355636597,0.0
805,0.0,0.0,0.0,0.0,0.0,0.0,0.0,0.0,0.0,0.9526238441467285
806,0.0,0.0,0.0,0.0,0.0,0.0,0.0,0.9624893665313721,0.0,0.0
807,0.0,0.9590831995010376,0.0,0.0,0.0,0.0,0.0,0.0,0.0,0.0
808,0.9639927744865417,0.0,0.0,0.0,0.0,0.0,0.0,0.0,0.0,0.0
809,0.0,0.0,0.0,0.0,0.0,0.0,0.9666602611541748,0.0,0.0,0.0
810,0.0,0.0,0.0,0.0,0.0,0.0,0.9653773903846741,0.0,0.0,0.0
811,0.9727223515510559,0.0,0.0,0.0,0.0,0.0,0.0,0.0,0.0,0.0
812,0.0,0.0,0.963991641998291,0.0,0.0,0.0,0.0,0.0,0.0,0.0
813,0.0,0.0,0.0,0.0,0.0,0.0,0.0,0.0,0.9549892544746399,0.0
814,0.0,0.0,0.0,0.0,0.0,0.3611295223236084,0.0,0.0,0.0,0.5988602638244629
815,0.0,0.0,0.0,0.0,0.0,0.0,0.0,0.9549899101257324,0.0,0.0
816,0.5291637182235718,0.0,0.0,0.0,0.41749629378318787,0.0,0.0,0.0,0.0,0.0
817,0.0,0.0,0.7078794836997986,0.0,0.0,0.0,0.0,0.0,0.25877922773361206,0.0
818,0.0,0.0,0.0,0.0,0.0,0.0,0.0,0.9499896168708801,0.0,0.0
819,0.0,0.0,0.0,0.3989637792110443,0.0,0.0,0.0,0.5610280632972717,0.0,0.0
820,0.0,0.0,0.0,0.0,0.0,0.0,0.9699938297271729,0.0,0.0,0.0
821,0.0,0.0,0.0,0.0,0.0,0.0,0.0,0.0,0.0,0.9549890756607056
822,0.0,0.70290607213974,0.0,0.26072070002555847,0.0,0.0,0.0,0.0,0.0,0.0
823,0.0,0.0,0.0,0.0,0.1944328397512436,0.5226582884788513,0.0,0.0,0.0,0.2587641477584839
824,0.0,0.0,0.0,0.0,0.0,0.0,0.0,0.962489902973175,0.0,0.0
825,0.0,0.0,0.0,0.0,0.0,0.9608607292175293,0.0,0.0,0.0,0.0
826,0.0,0.0,0.0,0.0,0.0,0.9639917612075806,0.0,0.0,0.0,0.0
827,0.0,0.0,0.0,0.0,0.0,0.6487628817558289,0.0,0.0,0.31644585728645325,0.0
828,0.0,0.0,0.0,0.0,0.0,0.0,0.7958961725234985,0.16599947214126587,0.0,0.0
829,0.0,0.0,0.9590842723846436,0.0,0.0,0.0,0.0,0.0,0.0,0.0
830,0.0,0.0,0.0,0.0,0.0,0.9307514429092407,0.0,0.0,0.0,0.0
831,0.0,0.0,0.0,0.0,0.0,0.0,0.0,0.9499903917312622,0.0,0.0
832,0.0,0.0,0.0,0.0,0.0,0.9499897360801697,0.0,0.0,0.0,0.0
833,0.0,0.0,0.0,0.0,0.0,0.0,0.9590797424316406,0.0,0.0,0.0
834,0.9608596563339233,0.0,0.0,0.0,0.0,0.0,0.0,0.0,0.0,0.0
835,0.0,0.0,0.0,0.0,0.0,0.0,0.14071470499038696,0.8192754983901978,0.0,0.0
836,0.0,0.0,0.4492107927799225,0.0,0.0,0.0,0.5107790231704712,0.0,0.0,0.0
837,0.0,0.0,0.0,0.0,0.9470487236976624,0.0,0.0,0.0,0.0,0.0
838,0.0,0.0,0.0,0.0,0.0,0.0,0.0,0.9653788805007935,0.0,0.0
839,0.0,0.0,0.0,0.0,0.9571347236633301,0.0,0.0,0.0,0.0,0.0
840,0.0,0.0,0.9549885988235474,0.0,0.0,0.0,0.0,0.0,0.0,0.0
841,0.0,0.0,0.0,0.0,0.0,0.0,0.0,0.0,0.0,0.9499899744987488
842,0.0,0.0,0.0,0.0,0.0,0.9571345448493958,0.0,0.0,0.0,0.0
843,0.0,0.0,0.0,0.0,0.0,0.9590808749198914,0.0,0.0,0.0,0.0
844,0.9678488969802856,0.0,0.0,0.0,0.0,0.0,0.0,0.0,0.0,0.0
845,0.45397788286209106,0.0,0.0,0.0,0.0,0.5210164189338684,0.0,0.0,0.0,0.0
846,0.0,0.0,0.0,0.0,0.0,0.9624927043914795,0.0,0.0,0.0,0.0
847,0.0,0.0,0.0,0.0,0.0,0.0,0.0,0.0,0.0,0.9437403082847595
848,0.0,0.0,0.0,0.44050833582878113,0.0,0.0,0.0,0.5194834470748901,0.0,0.0
849,0.0,0.0,0.0,0.0,0.0,0.0,0.0,0.9608630537986755,0.0,0.0
850,0.0,0.0,0.0,0.9549912214279175,0.0,0.0,0.0,0.0,0.0,0.0
851,0.0,0.0,0.0,0.0,0.0,0.0,0.0,0.963991641998291,0.0,0.0
852,0.0,0.0,0.9639920592308044,0.0,0.0,0.0,0.0,0.0,0.0,0.0
853,0.0,0.0,0.0,0.9526210427284241,0.0,0.0,0.0,0.0,0.0,0.0
854,0.0,0.0,0.0,0.0,0.0,0.45875996351242065,0.510460615158081,0.0,0.0,0.0
855,0.0,0.0,0.0,0.0,0.0,0.0,0.9639939069747925,0.0,0.0,0.0
856,0.9678502678871155,0.0,0.0,0.0,0.0,0.0,0.0,0.0,0.0,0.0
857,0.0,0.0,0.0,0.0,0.0,0.9608607888221741,0.0,0.0,0.0,0.0
858,0.0,0.0,0.94704270362854,0.0,0.0,0.0,0.0,0.0,0.0,0.0
859,0.0,0.0,0.0,0.9549893140792847,0.0,0.0,0.0,0.0,0.0,0.0
860,0.0,0.0,0.0,0.0,0.9742792248725891,0.0,0.0,0.0,0.0,0.0
861,0.0,0.0,0.0,0.0,0.0,0.0,0.0,0.8196890354156494,0.15067273378372192,0.0
862,0.0,0.0,0.8865206241607666,0.0,0.0,0.0,0.0,0.0,0.08270219713449478,0.0
863,0.0,0.0,0.0,0.6368393301963806,0.33352527022361755,0.0,0.0,0.0,0.0,0.0
864,0.0,0.9653773903846741,0.0,0.0,0.0,0.0,0.0,0.0,0.0,0.0
865,0.0,0.9678485989570618,0.0,0.0,0.0,0.0,0.0,0.0,0.0,0.0
866,0.9590811133384705,0.0,0.0,0.0,0.0,0.0,0.0,0.0,0.0,0.0
867,0.0,0.0,0.0,0.0,0.0,0.0,0.0,0.0,0.0,0.9590816497802734
868,0.0,0.9624918103218079,0.0,0.0,0.0,0.0,0.0,0.0,0.0,0.0
869,0.0,0.0,0.0,0.0,0.0,0.0,0.9699942469596863,0.0,0.0,0.0
870,0.0,0.0,0.0,0.0,0.0,0.0,0.0,0.9639919400215149,0.0,0.0
871,0.0,0.0,0.0,0.9608640074729919,0.0,0.0,0.0,0.0,0.0,0.0
872,0.0,0.9639940857887268,0.0,0.0,0.0,0.0,0.0,0.0,0.0,0.0
873,0.0,0.7875433564186096,0.1857842057943344,0.0,0.0,0.0,0.0,0.0,0.0,0.0
874,0.0,0.0,0.0,0.6498397588729858,0.0,0.0,0.0,0.3101516366004944,0.0,0.0
875,0.0,0.9624895453453064,0.0,0.0,0.0,0.0,0.0,0.0,0.0,0.0
876,0.0,0.0,0.0,0.9653775095939636,0.0,0.0,0.0,0.0,0.0,0.0
877,0.0,0.0,0.0,0.0,0.0,0.0,0.0,0.0,0.965375542640686,0.0
878,0.0,0.0,0.0,0.967851459980011,0.0,0.0,0.0,0.0,0.0,0.0
879,0.0,0.0,0.0,0.9549919366836548,0.0,0.0,0.0,0.0,0.0,0.0
880,0.0,0.0,0.0,0.0,0.0,0.966658890247345,0.0,0.0,0.0,0.0
881,0.0,0.6345636248588562,0.0,0.30521878600120544,0.0,0.0,0.03428484871983528,0.0,0.0,0.0
882,0.0,0.0,0.0,0.0,0.0,0.0,0.0,0.0,0.0,0.9624906182289124
883,0.0,0.0,0.0,0.0,0.0,0.0,0.9653754830360413,0.0,0.0,0.0
884,0.9718688726425171,0.0,0.0,0.0,0.0,0.0,0.0,0.0,0.0,0.0
885,0.0,0.0,0.0,0.8252731561660767,0.0,0.0,0.0,0.0,0.0,0.145090714097023
886,0.0,0.0,0.22246257960796356,0.0,0.0,0.0,0.0,0.7517248392105103,0.0,0.0
887,0.0,0.0,0.0,0.9624903202056885,0.0,0.0,0.0,0.0,0.0,0.0
888,0.0,0.9571337103843689,0.0,0.0,0.0,0.0,0.0,0.0,0.0,0.0
889,0.7395548224449158,0.0,0.0,0.0,0.0,0.0,0.2296680063009262,0.0,0.0,0.0
890,0.0,0.0,0.9549866914749146,0.0,0.0,0.0,0.0,0.0,0.0,0.0
891,0.0,0.0,0.0,0.0,0.9590820074081421,0.0,0.0,0.0,0.0,0.0
892,0.0,0.0,0.0,0.0,0.0,0.0,0.0,0.0,0.1387302279472351,0.8212601542472839
893,0.0,0.0,0.0,0.0,0.0,0.0,0.9499890208244324,0.0,0.0,0.0
894,0.0,0.949987530708313,0.0,0.0,0.0,0.0,0.0,0.0,0.0,0.0
895,0.0,0.0,0.0,0.0,0.0,0.9549908638000488,0.0,0.0,0.0,0.0
896,0.0,0.0,0.0,0.31538063287734985,0.0,0.0,0.6538434624671936,0.0,0.0,0.0
897,0.0,0.0,0.0,0.0,0.0,0.0,0.0,0.9571340680122375,0.0,0.0
898,0.3069564998149872,0.0,0.23248447477817535,0.0,0.0,0.0,0.0,0.0,0.0,0.4287315607070923
899,0.0,0.0,0.0,0.0,0.0,0.0,0.9639919400215149,0.0,0.0,0.0
900,0.0,0.0,0.0,0.9571331739425659,0.0,0.0,0.0,0.0,0.0,0.0
901,0.7012564539909363,0.0,0.0,0.2606392800807953,0.0,0.0,0.0,0.0,0.0,0.0
902,0.0,0.0,0.0,0.0,0.0,0.0,0.9666599035263062,0.0,0.0,0.0
903,0.0,0.0,0.0,0.0,0.0,0.0,0.0,0.0,0.0,0.9470446109771729
904,0.0,0.0,0.0,0.0,0.0,0.0,0.36886587738990784,0.6025553941726685,0.0,0.0
905,0.0,0.0,0.0,0.0,0.0,0.0,0.0,0.9571349620819092,0.0,0.0
906,0.0,0.0,0.0,0.0,0.0,0.9624905586242676,0.0,0.0,0.0,0.0
907,0.0,0.0,0.0,0.9356998801231384,0.0,0.0,0.0,0.0,0.0,0.0
908,0.0,0.0,0.0,0.0,0.0,0.0,0.9608612060546875,0.0,0.0,0.0
909,0.0,0.0,0.0,0.0,0.0,0.0,0.9571309685707092,0.0,0.0,0.0
910,0.9499890208244324,0.0,0.0,0.0,0.0,0.0,0.0,0.0,0.0,0.0
911,0.0,0.9689593315124512,0.0,0.0,0.0,0.0,0.0,0.0,0.0,0.0
912,0.0,0.0,0.0,0.0,0.9499924182891846,0.0,0.0,0.0,0.0,0.0
913,0.0,0.0,0.9699945449829102,0.0,0.0,0.0,0.0,0.0,0.0,0.0
914,0.0,0.0,0.0,0.0,0.0,0.0,0.0,0.0,0.963990330696106,0.0
915,0.0,0.0,0.9571328163146973,0.0,0.0,0.0,0.0,0.0,0.0,0.0
916,0.9470486640930176,0.0,0.0,0.0,0.0,0.0,0.0,0.0,0.0,0.0
917,0.0,0.0,0.9624879956245422,0.0,0.0,0.0,0.0,0.0,0.0,0.0
918,0.0,0.0,0.0,0.0,0.0,0.0,0.9699940085411072,0.0,0.0,0.0
919,0.0,0.0,0.0,0.9608613848686218,0.0,0.0,0.0,0.0,0.0,0.0
920,0.0,0.0,0.0,0.0,0.08075183629989624,0.0,0.8721785545349121,0.0,0.0,0.0
921,0.0,0.0,0.9470441341400146,0.0,0.0,0.0,0.0,0.0,0.0,0.0
922,0.0,0.0,0.9549890756607056,0.0,0.0,0.0,0.0,0.0,0.0,0.0
923,0.0,0.0,0.0,0.0,0.0,0.0,0.0,0.9590840935707092,0.0,0.0
924,0.0,0.0,0.0,0.0,0.9608611464500427,0.0,0.0,0.0,0.0,0.0
925,0.0,0.0,0.0,0.0,0.0,0.0,0.0,0.0,0.0,0.9590797424316406
926,0.0,0.0,0.45325300097465515,0.0,0.0,0.015807772055268288,0.0,0.5059317350387573,0.0,0.0
927,0.0,0.9499861598014832,0.0,0.0,0.0,0.0,0.0,0.0,0.0,0.0
928,0.0,0.0,0.0,0.0,0.0,0.0,0.9699941277503967,0.0,0.0,0.0
929,0.0,0.0,0.0,0.0,0.0,0.0,0.0,0.0,0.9590809345245361,0.0
930,0.0,0.0,0.0,0.0,0.0,0.9639922380447388,0.0,0.0,0.0,0.0
931,0.0,0.0,0.0,0.0,0.0,0.0,0.010349479503929615,0.0,0.9496428370475769,0.0
932,0.0,0.0,0.0,0.2503178119659424,0.0,0.0,0.0,0.7176753282546997,0.0,0.0
933,0.0,0.0,0.0,0.0,0.0,0.0,0.0,0.9437331557273865,0.0,0.0
934,0.0,0.0,0.23813661932945251,0.5147349834442139,0.0,0.0,0.0,0.21530285477638245,0.0,0.0
935,0.0,0.0,0.0,0.4137565493583679,0.0,0.5498718023300171,0.0,0.0,0.0,0.0
936,0.0,0.0,0.0,0.9571288824081421,0.0,0.0,0.0,0.0,0.0,0.0
937,0.3854060173034668,0.0,0.0,0.0,0.0,0.0,0.0,0.0,0.0,0.5724765658378601
938,0.9571324586868286,0.0,0.0,0.0,0.0,0.0,0.0,0.0,0.0,0.0
939,0.0,0.0,0.0,0.8669795989990234,0.0,0.0,0.0,0.0,0.0,0.08300839364528656
940,0.0,0.0,0.0,0.0,0.0,0.9608598947525024,0.0,0.0,0.0,0.0
941,0.0,0.0,0.0,0.0,0.0,0.0,0.9689565896987915,0.0,0.0,0.0
942,0.0,0.9590829610824585,0.0,0.0,0.0,0.0,0.0,0.0,0.0,0.0
943,0.0,0.13230851292610168,0.0,0.8380544781684875,0.0,0.0,0.0,0.0,0.0,0.0
944,0.0,0.0,0.0,0.0,0.18748721480369568,0.0,0.7591647505760193,0.0,0.0,0.0
945,0.0,0.0,0.0,0.0,0.0,0.08598432689905167,0.8820081949234009,0.0,0.0,0.0
946,0.0,0.0,0.0,0.0,0.0,0.0,0.408600389957428,0.0,0.0,0.5638073086738586
947,0.0,0.0,0.0,0.0,0.0,0.0,0.0,0.43390122056007385,0.5190300941467285,0.0
948,0.14543379843235016,0.0,0.0,0.0,0.0,0.0,0.0,0.44413015246391296,0.0,0.3786105215549469
949,0.0,0.0,0.0,0.0,0.0,0.0,0.692083477973938,0.0,0.27714067697525024,0.0
950,0.0,0.0,0.0,0.9571319818496704,0.0,0.0,0.0,0.0,0.0,0.0
951,0.0,0.0,0.0,0.9499906897544861,0.0,0.0,0.0,0.0,0.0,0.0
952,0.0,0.0,0.0,0.9624919891357422,0.0,0.0,0.0,0.0,0.0,0.0
953,0.0,0.0,0.0,0.0,0.0,0.9499867558479309,0.0,0.0,0.0,0.0
954,0.0,0.0,0.0,0.0,0.0,0.9181583523750305,0.0,0.0,0.0,0.0
955,0.0,0.0,0.0,0.0,0.0,0.0,0.0,0.0,0.9639894962310791,0.0
956,0.4089764654636383,0.0,0.0,0.0,0.0,0.0,0.5529196262359619,0.0,0.0,0.0
957,0.0,0.0,0.0,0.0,0.0,0.0,0.0,0.0,0.9549919366836548,0.0
958,0.0,0.0,0.0,0.0,0.949988067150116,0.0,0.0,0.0,0.0,0.0
959,0.0,0.0,0.0,0.0,0.0,0.9526236653327942,0.0,0.0,0.0,0.0
960,0.0,0.0,0.0,0.8367393612861633,0.0,0.0,0.0,0.12846893072128296,0.0,0.0
961,0.0,0.0,0.0,0.9399874210357666,0.0,0.0,0.0,0.0,0.0,0.0
962,0.0,0.0,0.0,0.94998699426651,0.0,0.0,0.0,0.0,0.0,0.0
963,0.0,0.0,0.0,0.0,0.0,0.0,0.0,0.962492048740387,0.0,0.0
964,0.0,0.0,0.9653791785240173,0.0,0.0,0.0,0.0,0.0,0.0,0.0
965,0.0,0.0,0.0,0.0,0.9666615128517151,0.0,0.0,0.0,0.0,0.0
966,0.0,0.0,0.0,0.0,0.0,0.0,0.0,0.0,0.0,0.9526216387748718
967,0.0,0.0,0.0,0.0,0.0,0.0,0.0,0.0,0.0,0.962489664554596
968,0.0,0.0,0.28658950328826904,0.0,0.0,0.0,0.0,0.6633995771408081,0.0,0.0
969,0.0,0.0,0.0,0.0,0.9590814709663391,0.0,0.0,0.0,0.0,0.0
970,0.0,0.0,0.0,0.0,0.0,0.0,0.0,0.0,0.0,0.9437370300292969
971,0.0,0.0,0.0,0.0,0.9470499753952026,0.0,0.0,0.0,0.0,0.0
972,0.0,0.0,0.0,0.0,0.0,0.9470483064651489,0.0,0.0,0.0,0.0
973,0.2761000990867615,0.0,0.0,0.0,0.0,0.0,0.0,0.6667423248291016,0.0,0.0
974,0.0,0.0,0.0,0.0,0.0,0.0,0.0,0.92498379945755,0.0,0.0
975,0.0,0.0,0.0,0.0,0.0,0.9590843319892883,0.0,0.0,0.0,0.0
976,0.0,0.0,0.657213568687439,0.0,0.0,0.0,0.0,0.0,0.0,0.29833143949508667
977,0.0,0.9571342468261719,0.0,0.0,0.0,0.0,0.0,0.0,0.0,0.0
978,0.0,0.7341715097427368,0.0,0.0,0.0,0.0,0.0,0.0,0.0,0.22371354699134827
979,0.7444241046905518,0.0,0.0,0.0,0.0,0.0,0.0,0.0,0.0,0.21556663513183594
980,0.0,0.0,0.9571328163146973,0.0,0.0,0.0,0.0,0.0,0.0,0.0
981,0.9549899101257324,0.0,0.0,0.0,0.0,0.0,0.0,0.0,0.0,0.0
982,0.0,0.0,0.0,0.0,0.0,0.0,0.0,0.0,0.0,0.9549885988235474
983,0.0,0.0,0.0,0.0,0.9499874114990234,0.0,0.0,0.0,0.0,0.0
984,0.0,0.0,0.0,0.0,0.0,0.0,0.0,0.9549874067306519,0.0,0.0
985,0.0,0.0,0.0,0.0,0.9749926328659058,0.0,0.0,0.0,0.0,0.0
986,0.0,0.0,0.0,0.0,0.0,0.0,0.0,0.9639913439750671,0.0,0.0
987,0.0,0.0,0.0,0.0,0.943734347820282,0.0,0.0,0.0,0.0,0.0
988,0.0,0.0,0.9526230692863464,0.0,0.0,0.0,0.0,0.0,0.0,0.0
989,0.0,0.0,0.0,0.0,0.0,0.0,0.0,0.9756696820259094,0.0,0.0
990,0.0,0.0,0.9526217579841614,0.0,0.0,0.0,0.0,0.0,0.0,0.0
991,0.0,0.0,0.0,0.0,0.0,0.0,0.0,0.9499914646148682,0.0,0.0
992,0.0,0.0,0.0,0.9549895524978638,0.0,0.0,0.0,0.0,0.0,0.0
993,0.0,0.0,0.0,0.0,0.0,0.0,0.0,0.0,0.0,0.9653759598731995
994,0.0,0.0,0.0,0.0,0.0,0.9526205658912659,0.0,0.0,0.0,0.0
995,0.0,0.0,0.9653763175010681,0.0,0.0,0.0,0.0,0.0,0.0,0.0
996,0.0,0.0,0.1711738556623459,0.0,0.0,0.0,0.7940357327461243,0.0,0.0,0.0
997,0.0,0.0,0.0,0.0,0.0,0.0,0.0,0.9639923572540283,0.0,0.0
998,0.0,0.0,0.966659426689148,0.0,0.0,0.0,0.0,0.0,0.0,0.0
999,0.0,0.9526223540306091,0.0,0.0,0.0,0.0,0.0,0.0,0.0,0.0
1000,0.0,0.0,0.0,0.0,0.0,0.0,0.0,0.9727222323417664,0.0,0.0
